genus,decimallatitude,decimallongitude,day,month,year
Chelonia,29.692583,-81.335989,27,5,2016
Chelonia,29.899649,-81.228159,12,5,2017
Eretmochelys,28.83333,-82.61667,,,1881
Caretta,24.55,-82,,,1864
Chelonia,29.917011,-81.250387,23,11,2016
Chelonia,29.854059,-81.365462,28,9,2016
Caretta,26.116667,-80.133333,12,8,1969
Chelonia,29.912802,-81.359177,22,10,2017
Caretta,28.198082,-80.514865,4,9,2017
Syllomus,29.011389,-82.653893,,,
,29.011389,-82.653893,,,
,30.4,-83,,,
,30.4,-83,,,
,27.5,-82.5,,,
Caretta,27.656944,-82.080276,,,
Caretta,27.811111,-81.912498,,,
Chelonia,27.783333,-81.938057,,,
Lepidochelys,27.783333,-81.938057,,,
,30.690832,-84.861389,,,
Chelonia,27.9,-81.800003,,,
Caretta,27.9,-81.800003,,,
Eretmochelys,27.9,-81.800003,,,
Eretmochelys,27.9,-81.800003,,,
Chelonia,27.9,-81.800003,,,
Lepidochelys,27.9,-81.800003,,,
Chelonia,27.533333,-81.816666,,,
Chelonia,27.7575,-81.825554,,,
Chelonia,27.9,-81.800003,,,
Caretta,27.9,-81.800003,,,
Chelonia,27.811111,-81.912498,,,
Chelonia,27.9,-81.800003,,,
Chelonia,27.683332,-81.949997,,,
Caretta,27.830278,-80.811386,,,
Caretta,27.638332,-80.397499,,,
Chelonia,27.638332,-80.397499,,,
Caretta,27.700001,-82.5,,,
Chelonia,28.504306,-80.455911,8,5,2016
Chelonia,28.163208,-80.50057,13,9,2017
Chelonia,28.146943,-80.596803,13,9,2017
Caretta,26.265599,-80.093363,12,8,2017
Eretmochelys,28.83333,-82.61667,,,1881
Caretta,24.55,-82,,,1864
Caretta,24.76324,-82.869329,22,7,2014
Caretta,25.849635,-80.088276,7,8,2017
Caretta,24.801369,-80.863162,27,6,2017
Chelonia,28.497397,-80.446401,8,5,2016
Chelonia,30.4032,-81.194,4,6,2017
Caretta,30.196568,-84.225322,9,6,2017
Chelonia,29.380877,-81.075523,16,2,2017
Caretta,26.9342,-80.0942,21,5,2017
Caretta,26.436471,-78.402639,26,3,2016
Chelonia,29.600362,-81.328952,3,6,2015
Eretmochelys,26.488739,-78.595664,9,4,2015
Chelonia,27.985861,-80.462677,22,4,2017
Caretta,28.315,-80.48,29,4,2008
Caretta,28.183666,-79.6345,25,5,2007
Caretta,28.315,-80.48,29,4,2008
Caretta,30.379166,-81.093333,26,2,2008
Caretta,30.379166,-81.093333,26,2,2008
Caretta,24.55607,-81.77767,,,
Caretta,29.498112,-81.01503,5,8,2010
Chelonia,29.044803,-80.896291,12,11,2016
Caretta,28.954114,-80.7637,4,6,2016
Caretta,25.960046,-81.746607,24,6,2015
Caretta,25.710788,-81.5504,18,3,2015
Caretta,27.810144,-82.788714,4,3,2014
Caretta,30.11185,-81.34367,,,
Caretta,30.04053,-81.32713,18,7,2002
Caretta,30.04053,-81.32713,18,7,2002
Caretta,30.05484,-81.33023,,,
Caretta,30.10492,-81.34201,19,8,1994
Chelonia,30.10897,-81.34294,4,9,2002
Caretta,30.04765,-81.32874,3,9,2002
Caretta,30.04053,-81.32713,18,7,2002
Chelonia,30.10897,-81.34294,4,9,2002
Caretta,30.2179,-81.3793,24,8,1997
Caretta,30.07194,-81.35087,,,
Caretta,30.06204,-81.33177,5,9,2002
Lepidochelys,24.686667,-81.035,21,12,1999
Caretta,25.673667,-80.1575,30,11,2001
Lepidochelys,29.11514,-80.953287,,,
Chelonia,24.62761,-82.89354,30,11,1993
Chelonia,24.62761,-82.89354,30,11,1993
Eretmochelys,25.0107,-80.2205,24,12,1992
Lepidochelys,26.7094,-82.2164,4,4,1989
Lepidochelys,27.91631,-82.74122,30,11,1994
Lepidochelys,27.91631,-82.74122,30,11,1992
Chelonia,28.06556,-80.56012,30,11,1990
Lepidochelys,27.2314,-82.52216,14,8,1999
Lepidochelys,27.2314,-82.52216,14,8,1999
Eretmochelys,24.926667,-80.62,26,6,1995
Eretmochelys,29.8623,-81.2725,28,4,1995
Eretmochelys,24.571167,-81.667767,10,1,1991
Chelonia,25.0994,-80.43548,15,6,1997
Chelonia,30.1536,-85.727486,,,
Caretta,30.176605,-85.805449,29,9,1980
Caretta,28.677558,-80.646904,30,11,1974
Caretta,28.677558,-80.646904,30,11,1974
Caretta,28.677558,-80.646904,30,11,1974
Lepidochelys,26.43062,-82.11197,17,3,1997
Lepidochelys,26.43062,-82.11197,17,3,1997
Lepidochelys,26.43062,-82.11197,17,3,1997
Lepidochelys,26.43062,-82.11197,17,3,1997
Lepidochelys,26.43062,-82.11197,17,3,1997
Lepidochelys,29.11514,-80.953287,,,
Lepidochelys,29.11514,-80.953287,,,
Lepidochelys,29.11514,-80.953287,,,
Lepidochelys,29.11514,-80.953287,,,
Lepidochelys,29.041202,-80.898428,,,
Lepidochelys,29.11514,-80.953287,,,
Lepidochelys,29.11514,-80.953287,,,
Lepidochelys,29.041202,-80.898428,,,
Lepidochelys,29.041202,-80.898428,,,
Lepidochelys,29.11514,-80.953287,,,
Lepidochelys,29.11514,-80.953287,,,
Lepidochelys,29.11514,-80.953287,,,
Lepidochelys,29.11514,-80.953287,,,
Lepidochelys,29.11514,-80.953287,,,
Lepidochelys,29.041202,-80.898428,,,
Lepidochelys,29.041202,-80.898428,,,
Eretmochelys,24.58738,-82.11183,30,3,1996
Eretmochelys,24.58738,-82.11183,30,3,1996
Lepidochelys,29.11642,-83.05889,13,10,2013
Lepidochelys,27.85258,-80.44443,3,5,2013
Chelonia,24.74446,-80.95407,9,5,1962
Chelonia,27.5223,-80.3116,22,5,1985
Chelonia,25.0251,-80.7159,20,1,2010
Chelonia,25.0251,-80.7159,20,1,2010
Chelonia,25.0251,-80.7159,20,1,2010
Caretta,29.22238,-81.00446,2,11,1969
Caretta,29.22238,-81.00446,2,11,1969
Caretta,29.22238,-81.00446,2,11,1969
Lepidochelys,27.802577,-82.790227,30,4,1989
Caretta,27.59023,-82.76265,31,7,2008
Eretmochelys,27.26084,-82.54588,23,5,2008
Caretta,27.97472,-82.802643,30,11,1989
Caretta,29.984676,-85.521183,23,5,1984
Chelonia,30.195425,-84.263039,19,9,2008
Lepidochelys,27.696141,-82.736527,22,9,1988
Lepidochelys,26.4533,-82.0133,15,1,1989
Caretta,28.388047,-80.607163,30,6,1986
Caretta,29.966894,-85.500429,23,5,1984
Eretmochelys,26.324667,-80.074083,21,9,2006
Eretmochelys,26.324667,-80.074083,21,9,2006
Lepidochelys,28.608698,-80.674556,13,6,2006
Caretta,25.12817,-80.92821,10,8,1973
Caretta,25.228,-80.5255,31,8,1965
Caretta,25.0251,-80.7159,31,12,1963
Caretta,25.228,-80.5255,31,8,1965
Chelonia,25.0251,-80.7159,31,8,1963
Chelonia,25.0251,-80.7159,31,10,1963
Chelonia,25.0251,-80.7159,30,9,1964
Caretta,26.256557,-80.082861,15,9,2004
Eretmochelys,27.623167,-80.346669,19,1,2005
Caretta,26.146332,-80.483375,25,6,2002
Caretta,25.733006,-80.162784,,,
Caretta,25.704317,-80.157883,13,11,1957
Caretta,26.07405,-80.11034,8,4,1980
Caretta,25.686,-80.479,30,6,1958
Caretta,25.686,-80.479,30,6,1958
Caretta,25.733006,-80.162784,13,7,1958
Caretta,26.14092,-80.10215,18,8,1943
Caretta,28.07781,-80.56109,29,8,1990
Eretmochelys,26.942631,-80.080746,20,3,1993
Caretta,28.0917,-80.5653,18,10,1970
Caretta,26.82509,-80.0433,3,7,1990
Eretmochelys,24.528235,-82.00634,1,9,1989
Caretta,27.63869,-80.39689,11,9,1965
Caretta,28.092848,-80.567056,16,8,1972
Caretta,29.7928,-84.6174,30,11,1983
Caretta,29.7928,-84.6174,17,9,1984
Caretta,29.7928,-84.6174,,,
Caretta,29.7928,-84.6174,3,5,1988
Chelonia,24.55607,-81.77767,29,6,1960
Caretta,29.85337,-81.26549,10,7,1985
Chelonia,27.356251,-80.246446,,,
Chelonia,28.303932,-80.708832,10,9,1986
Chelonia,28.303932,-80.708832,22,8,1986
Chelonia,28.233171,-80.607891,30,11,1985
Chelonia,28.303932,-80.708832,12,9,1986
Chelonia,27.356251,-80.246446,28,9,1986
Chelonia,26.358698,-80.082991,27,8,1986
Chelonia,27.356251,-80.246446,15,9,1986
Chelonia,27.356251,-80.246446,18,8,1986
Caretta,29.7928,-84.6174,,,
Caretta,29.7928,-84.6174,,,
Caretta,29.7928,-84.6174,,,
Caretta,29.7928,-84.6174,,,
Caretta,29.7928,-84.6174,,,
Caretta,29.7928,-84.6174,,,
Caretta,29.7928,-84.6174,,,
Caretta,29.7928,-84.6174,,,
Caretta,29.7928,-84.6174,,,
Caretta,29.7928,-84.6174,,,
Caretta,29.7928,-84.6174,26,4,1984
Lepidochelys,29.73402,-81.24078,15,11,1987
Lepidochelys,29.853264,-84.664352,,,
Lepidochelys,29.7885,-84.6266,20,8,1987
Eretmochelys,25.53545,-80.17063,27,1,1982
Caretta,29.7928,-84.6174,30,11,1984
Caretta,29.7928,-84.6174,3,5,1986
Caretta,29.7928,-84.6174,30,11,1984
Caretta,29.7928,-84.6174,3,5,1986
Caretta,29.7928,-84.6174,3,4,1985
Caretta,29.7928,-84.6174,30,11,1984
Caretta,29.7928,-84.6174,30,9,1985
Caretta,29.6607,-85.1313,31,3,1975
Caretta,29.7928,-84.6174,8,4,1984
Lepidochelys,29.7928,-84.6174,5,5,1986
Caretta,29.7928,-84.6174,30,11,1984
Eretmochelys,25.53545,-80.17063,27,1,1982
Caretta,27.44731,-80.32569,31,8,1960
Eretmochelys,25.53545,-80.17063,27,1,1982
Eretmochelys,25.53545,-80.17063,27,1,1982
Caretta,29.7928,-84.6174,26,4,1984
Caretta,27.44731,-80.32569,31,8,1960
Caretta,27.44731,-80.32569,31,8,1960
Eretmochelys,25.53545,-80.17063,27,1,1982
Caretta,26.788638,-80.034801,19,7,1986
Caretta,26.788638,-80.034801,19,7,1986
Caretta,26.788638,-80.034801,19,7,1986
Caretta,26.788638,-80.034801,19,7,1986
Caretta,26.788638,-80.034801,19,7,1986
Caretta,26.788638,-80.034801,19,7,1986
Lepidochelys,29.176107,-80.982686,4,3,1981
Chelonia,27.356251,-80.246446,,,
Chelonia,27.356251,-80.246446,,,
Chelonia,27.356251,-80.246446,,,
Chelonia,27.356251,-80.246446,,,
Chelonia,27.356251,-80.246446,,,
Chelonia,27.356251,-80.246446,,,
Chelonia,27.356251,-80.246446,,,
Chelonia,27.356251,-80.246446,,,
Chelonia,27.356251,-80.246446,,,
Chelonia,27.356251,-80.246446,,,
Chelonia,27.356251,-80.246446,,,
Chelonia,27.356251,-80.246446,,,
Chelonia,27.21584,-80.175,,,
Caretta,27.255996,-80.197069,,,
Caretta,27.59023,-82.76265,16,5,1982
Caretta,27.489982,-80.141591,8,9,1972
Caretta,27.489982,-80.141591,8,9,1972
Caretta,27.489982,-80.141591,8,9,1972
Caretta,27.489982,-80.141591,8,9,1972
Caretta,27.489982,-80.141591,8,9,1972
Chelonia,27.489982,-80.141591,8,9,1972
Caretta,27.489982,-80.141591,8,9,1972
Caretta,27.489982,-80.141591,8,9,1972
Caretta,27.489982,-80.141591,8,9,1972
Lepidochelys,29.91,-80.77,,,
Lepidochelys,29.146407,-83.040051,,,
Eretmochelys,30.326191,-81.659698,,,
Chelonia,24.6583,-81.5283,,,
Caretta,29.7928,-84.6174,,,
Caretta,29.7928,-84.6174,19,7,1983
Caretta,29.7868,-84.642,,,
Caretta,29.7928,-84.6174,,,
Caretta,29.6607,-85.1313,30,11,1972
Caretta,29.7928,-84.6174,20,9,1984
Caretta,29.486646,-81.129595,3,9,1984
Eretmochelys,26.11953,-80.12341,6,2,1971
Chelonia,28.6932,-80.6607,20,1,1977
Chelonia,30.176605,-85.805449,20,12,1983
Chelonia,29.689634,-85.264276,12,2,1981
Chelonia,29.770267,-85.404754,31,12,1983
Caretta,29.8862,-81.27428,31,12,1983
Eretmochelys,24.5612,-81.80011,17,1,1984
Caretta,26.6153,-80.03563,,,
Caretta,26.6153,-80.03563,,,
Caretta,26.6153,-80.03563,,,
Eretmochelys,27.21584,-80.175,13,7,1983
Caretta,28.4094,-80.6094,,,
Caretta,28.270823,-80.606003,5,9,1979
Caretta,28.270823,-80.606003,5,9,1979
Caretta,28.342803,-80.609899,,,
Caretta,28.342803,-80.609899,,,
Chelonia,28.803602,-82.575799,,,
Caretta,28.342803,-80.609899,,,
Caretta,28.270823,-80.606003,5,9,1979
Caretta,28.270823,-80.606003,5,9,1979
Caretta,28.270823,-80.606003,5,9,1979
Caretta,28.270823,-80.606003,5,9,1979
Caretta,28.270823,-80.606003,5,9,1979
Caretta,28.270823,-80.606003,5,9,1979
Caretta,28.270823,-80.606003,5,9,1979
Caretta,28.270823,-80.606003,5,9,1979
Caretta,28.270823,-80.606003,5,9,1979
Caretta,28.270823,-80.606003,5,9,1979
Caretta,28.270823,-80.606003,5,9,1979
Caretta,28.270823,-80.606003,5,9,1979
Caretta,28.270823,-80.606003,5,9,1979
Caretta,28.270823,-80.606003,5,9,1979
Caretta,28.270823,-80.606003,5,9,1979
Caretta,28.270823,-80.606003,5,9,1979
Caretta,28.270823,-80.606003,5,9,1979
Caretta,28.270823,-80.606003,5,9,1979
Caretta,28.270823,-80.606003,5,9,1979
Caretta,28.270823,-80.606003,5,9,1979
Caretta,28.270823,-80.606003,5,9,1979
Caretta,28.270823,-80.606003,4,9,1979
Eretmochelys,27.20939,-80.17077,16,2,1981
Caretta,28.270823,-80.606003,4,9,1979
Caretta,28.270823,-80.606003,4,9,1979
Caretta,28.270823,-80.606003,4,9,1979
Caretta,28.270823,-80.606003,4,9,1979
Caretta,28.270823,-80.606003,4,9,1979
Eretmochelys,26.956957,-80.076567,16,1,1981
Caretta,28.270823,-80.606003,4,9,1979
Caretta,28.270823,-80.606003,4,9,1979
Caretta,28.270823,-80.606003,4,9,1979
Caretta,28.270823,-80.606003,4,9,1979
Caretta,28.270823,-80.606003,4,9,1979
Caretta,28.270823,-80.606003,4,9,1979
Caretta,28.270823,-80.606003,4,9,1979
Caretta,28.270823,-80.606003,4,9,1979
Caretta,28.270823,-80.606003,4,9,1979
Caretta,28.270823,-80.606003,5,9,1979
Caretta,28.270823,-80.606003,5,9,1979
Caretta,28.270823,-80.606003,5,9,1979
Caretta,28.270823,-80.606003,5,9,1979
Caretta,28.270823,-80.606003,5,9,1979
Caretta,28.270823,-80.606003,5,9,1979
Caretta,28.270823,-80.606003,5,9,1979
Caretta,28.270823,-80.606003,5,9,1979
Caretta,28.270823,-80.606003,5,9,1979
Caretta,28.270823,-80.606003,5,9,1979
Caretta,28.270823,-80.606003,5,9,1979
Caretta,28.270823,-80.606003,5,9,1979
Caretta,28.270823,-80.606003,5,9,1979
Caretta,28.270823,-80.606003,5,9,1979
Caretta,28.270823,-80.606003,5,9,1979
Caretta,28.270823,-80.606003,5,9,1979
Caretta,28.270823,-80.606003,5,9,1979
Caretta,28.270823,-80.606003,5,9,1979
Caretta,28.270823,-80.606003,5,9,1979
Caretta,28.270823,-80.606003,5,9,1979
Caretta,28.270823,-80.606003,5,9,1979
Caretta,28.270823,-80.606003,5,9,1979
Caretta,28.270823,-80.606003,5,9,1979
Caretta,28.270823,-80.606003,5,9,1979
Caretta,28.270823,-80.606003,5,9,1979
Caretta,28.270823,-80.606003,5,9,1979
Caretta,28.270823,-80.606003,5,9,1979
Caretta,28.270823,-80.606003,5,9,1979
Caretta,28.270823,-80.606003,5,9,1979
Caretta,28.270823,-80.606003,5,9,1979
Caretta,28.270823,-80.606003,5,9,1979
Caretta,28.270823,-80.606003,5,9,1979
Caretta,28.270823,-80.606003,5,9,1979
Caretta,28.270823,-80.606003,5,9,1979
Caretta,28.270823,-80.606003,5,9,1979
Caretta,28.270823,-80.606003,5,9,1979
Caretta,28.270823,-80.606003,5,9,1979
Caretta,28.270823,-80.606003,5,9,1979
Caretta,28.270823,-80.606003,5,9,1979
Caretta,28.270823,-80.606003,5,9,1979
Caretta,28.270823,-80.606003,5,9,1979
Caretta,28.270823,-80.606003,5,9,1979
Caretta,28.270823,-80.606003,5,9,1979
Caretta,28.270823,-80.606003,5,9,1979
Caretta,28.270823,-80.606003,5,9,1979
Caretta,28.270823,-80.606003,5,9,1979
Caretta,28.270823,-80.606003,5,9,1979
Caretta,28.270823,-80.606003,5,9,1979
Caretta,28.270823,-80.606003,5,9,1979
Caretta,28.270823,-80.606003,5,9,1979
Caretta,28.270823,-80.606003,5,9,1979
Caretta,28.270823,-80.606003,5,9,1979
Caretta,28.270823,-80.606003,5,9,1979
Caretta,28.270823,-80.606003,5,9,1979
Caretta,28.270823,-80.606003,5,9,1979
Caretta,28.270823,-80.606003,5,9,1979
Caretta,28.270823,-80.606003,5,9,1979
Caretta,28.270823,-80.606003,5,9,1979
Caretta,28.270823,-80.606003,5,9,1979
Caretta,28.270823,-80.606003,5,9,1979
Caretta,28.270823,-80.606003,5,9,1979
Caretta,28.270823,-80.606003,5,9,1979
Caretta,28.270823,-80.606003,5,9,1979
Caretta,28.270823,-80.606003,5,9,1979
Caretta,28.270823,-80.606003,5,9,1979
Caretta,28.270823,-80.606003,5,9,1979
Caretta,28.270823,-80.606003,5,9,1979
Caretta,28.270823,-80.606003,5,9,1979
Caretta,28.270823,-80.606003,5,9,1979
Caretta,28.270823,-80.606003,5,9,1979
Caretta,28.270823,-80.606003,5,9,1979
Caretta,28.270823,-80.606003,5,9,1979
Caretta,28.270823,-80.606003,5,9,1979
Caretta,28.270823,-80.606003,5,9,1979
Caretta,28.270823,-80.606003,5,9,1979
Caretta,28.270823,-80.606003,5,9,1979
Caretta,28.270823,-80.606003,5,9,1979
Caretta,28.270823,-80.606003,5,9,1979
Caretta,28.270823,-80.606003,5,9,1979
Caretta,28.270823,-80.606003,5,9,1979
Caretta,28.270823,-80.606003,5,9,1979
Caretta,28.270823,-80.606003,5,9,1979
Caretta,28.270823,-80.606003,5,9,1979
Caretta,28.270823,-80.606003,5,9,1979
Caretta,28.270823,-80.606003,5,9,1979
Caretta,28.270823,-80.606003,5,9,1979
Caretta,28.270823,-80.606003,5,9,1979
Caretta,28.270823,-80.606003,5,9,1979
Caretta,28.270823,-80.606003,5,9,1979
Caretta,28.270823,-80.606003,5,9,1979
Caretta,28.270823,-80.606003,5,9,1979
Caretta,28.270823,-80.606003,5,9,1979
Caretta,28.270823,-80.606003,5,9,1979
Caretta,28.270823,-80.606003,5,9,1979
Caretta,28.270823,-80.606003,5,9,1979
Caretta,28.270823,-80.606003,5,9,1979
Caretta,28.270823,-80.606003,5,9,1979
Caretta,28.270823,-80.606003,5,9,1979
Caretta,28.270823,-80.606003,5,9,1979
Caretta,28.270823,-80.606003,5,9,1979
Caretta,28.270823,-80.606003,5,9,1979
Caretta,28.270823,-80.606003,5,9,1979
Caretta,28.270823,-80.606003,5,9,1979
Caretta,28.270823,-80.606003,5,9,1979
Caretta,28.270823,-80.606003,5,9,1979
Caretta,28.270823,-80.606003,5,9,1979
Caretta,28.270823,-80.606003,5,9,1979
Caretta,28.270823,-80.606003,5,9,1979
Caretta,28.270823,-80.606003,5,9,1979
Caretta,28.270823,-80.606003,5,9,1979
Caretta,28.270823,-80.606003,5,9,1979
Caretta,28.270823,-80.606003,5,9,1979
Caretta,28.270823,-80.606003,5,9,1979
Caretta,28.270823,-80.606003,5,9,1979
Caretta,28.270823,-80.606003,5,9,1979
Caretta,28.270823,-80.606003,5,9,1979
Caretta,28.270823,-80.606003,5,9,1979
Caretta,28.270823,-80.606003,5,9,1979
Caretta,28.270823,-80.606003,5,9,1979
Caretta,28.270823,-80.606003,5,9,1979
Caretta,28.270823,-80.606003,5,9,1979
Caretta,28.270823,-80.606003,5,9,1979
Caretta,28.270823,-80.606003,5,9,1979
Caretta,28.270823,-80.606003,5,9,1979
Caretta,28.270823,-80.606003,5,9,1979
Caretta,28.270823,-80.606003,5,9,1979
Caretta,28.270823,-80.606003,5,9,1979
Caretta,28.270823,-80.606003,5,9,1979
Caretta,28.270823,-80.606003,5,9,1979
Caretta,28.270823,-80.606003,5,9,1979
Caretta,28.270823,-80.606003,5,9,1979
Caretta,28.270823,-80.606003,5,9,1979
Caretta,28.270823,-80.606003,5,9,1979
Caretta,28.270823,-80.606003,5,9,1979
Caretta,28.270823,-80.606003,5,9,1979
Caretta,28.270823,-80.606003,5,9,1979
Caretta,28.270823,-80.606003,5,9,1979
Caretta,28.270823,-80.606003,5,9,1979
Caretta,28.270823,-80.606003,5,9,1979
Caretta,28.270823,-80.606003,5,9,1979
Caretta,28.270823,-80.606003,5,9,1979
Caretta,28.270823,-80.606003,5,9,1979
Caretta,28.270823,-80.606003,5,9,1979
Caretta,28.270823,-80.606003,5,9,1979
Caretta,28.270823,-80.606003,5,9,1979
Caretta,28.270823,-80.606003,5,9,1979
Caretta,28.270823,-80.606003,5,9,1979
Caretta,28.270823,-80.606003,5,9,1979
Caretta,28.270823,-80.606003,5,9,1979
Caretta,28.270823,-80.606003,5,9,1979
Caretta,28.270823,-80.606003,5,9,1979
Caretta,28.270823,-80.606003,5,9,1979
Caretta,28.270823,-80.606003,5,9,1979
Caretta,28.270823,-80.606003,5,9,1979
Caretta,28.270823,-80.606003,5,9,1979
Caretta,28.270823,-80.606003,5,9,1979
Caretta,28.270823,-80.606003,5,9,1979
Caretta,28.270823,-80.606003,5,9,1979
Caretta,28.270823,-80.606003,5,9,1979
Caretta,28.270823,-80.606003,5,9,1979
Caretta,28.270823,-80.606003,5,9,1979
Caretta,28.270823,-80.606003,5,9,1979
Caretta,28.270823,-80.606003,5,9,1979
Caretta,28.270823,-80.606003,5,9,1979
Caretta,28.270823,-80.606003,5,9,1979
Caretta,28.270823,-80.606003,5,9,1979
Caretta,28.270823,-80.606003,5,9,1979
Chelonia,28.548,-80.664,13,12,1980
Caretta,28.270823,-80.606003,5,9,1979
Caretta,28.270823,-80.606003,5,9,1979
Caretta,28.270823,-80.606003,5,9,1979
Caretta,28.270823,-80.606003,5,9,1979
Caretta,28.270823,-80.606003,5,9,1979
Caretta,28.270823,-80.606003,5,9,1979
Caretta,27.764755,-80.398945,,,
Caretta,29.533669,-81.153033,2,7,1978
Caretta,29.121636,-80.951303,30,9,1978
Caretta,29.66731,-81.21322,27,8,1978
Chelonia,25.2088,-81.1535,9,2,1978
Caretta,25.383,-81.142,22,10,1977
Caretta,24.65967,-81.52456,31,12,1977
Caretta,24.65967,-81.52456,1,1,1978
Chelonia,26.944045,-80.071351,31,10,1958
Caretta,29.67094,-81.21395,30,9,1968
Caretta,27.63869,-80.39689,11,9,1965
Lepidochelys,27.77112,-82.67961,19,10,1960
Caretta,28.799154,-82.602185,,,
Lepidochelys,29.146407,-83.040051,30,11,1957
Lepidochelys,29.146407,-83.040051,,,
Chelonia,29.146407,-83.040051,,,
Chelonia,27.22236,-80.17857,,,
Chelonia,27.22236,-80.17857,,,
Chelonia,27.22236,-80.17857,,,
Chelonia,27.22236,-80.17857,,,
Chelonia,27.22236,-80.17857,,,
Chelonia,27.22236,-80.17857,,,
Chelonia,27.22236,-80.17857,,,
Chelonia,27.22236,-80.17857,,,
Chelonia,27.22236,-80.17857,,,
Chelonia,27.22236,-80.17857,,,
Chelonia,27.22236,-80.17857,,,
Chelonia,27.22236,-80.17857,,,
Chelonia,27.22236,-80.17857,,,
Chelonia,27.22236,-80.17857,,,
Chelonia,27.22236,-80.17857,,,
Chelonia,27.22236,-80.17857,,,
Chelonia,27.22236,-80.17857,,,
Chelonia,27.22236,-80.17857,,,
Chelonia,27.22236,-80.17857,,,
Chelonia,27.22236,-80.17857,,,
Chelonia,27.22236,-80.17857,,,
Chelonia,27.22236,-80.17857,,,
Chelonia,27.22236,-80.17857,,,
Chelonia,27.22236,-80.17857,,,
Chelonia,27.22236,-80.17857,,,
Chelonia,27.22236,-80.17857,,,
Chelonia,27.22236,-80.17857,,,
Chelonia,27.22236,-80.17857,,,
Chelonia,27.22236,-80.17857,,,
Chelonia,27.22236,-80.17857,,,
Caretta,29.70812,-81.22891,14,4,1962
Lepidochelys,29.029972,-82.710676,30,10,1960
Lepidochelys,27.77112,-82.67961,19,10,1960
Chelonia,29.029972,-82.710676,30,10,1960
Eretmochelys,26.646829,-78.923425,11,6,1957
Caretta,27.255996,-80.197069,30,9,1955
Lepidochelys,30.1607,-84.2075,30,11,1941
Eretmochelys,28.1466,-82.7513,30,11,1929
Caretta,25.771651,-80.152838,30,11,1951
Eretmochelys,29.029972,-82.710676,31,1,1951
Caretta,29.47499,-81.127021,,,
Caretta,26.4475,-82.1134,29,7,1939
Caretta,29.769447,-81.253907,11,9,1953
Caretta,30.951900346294156,-81.41199563654469,2,6,1980
Caretta,30.951900346294156,-81.41199563654469,2,6,1980
Caretta,30.951900346294156,-81.41199563654469,2,6,1980
Caretta,30.951900346294156,-81.41199563654469,2,6,1980
Caretta,30.826504269014638,-81.46529687436495,17,10,1979
Caretta,30.951900346294156,-81.41199563654469,14,7,1973
Caretta,30.8522,-81.4464,11,9,1980
Caretta,30.74710678990599,-81.46799685981382,29,9,1979
Caretta,30.8522,-81.4464,26,6,1980
Caretta,30.0292,-85.57,8,9,1985
Caretta,30.8522,-81.4464,22,8,1980
Caretta,30.8522,-81.4464,1,9,1980
Caretta,30.951900346294156,-81.41199563654469,2,6,1980
Caretta,30.8522,-81.4464,10,7,1980
Caretta,30.0292,-85.57,,7,1984
Caretta,30.8522,-81.4464,1,6,1980
Caretta,30.8522,-81.4464,21,9,1979
Caretta,30.951900346294156,-81.41199563654469,2,6,1980
Caretta,30.946600521690442,-81.40109535103994,14,6,1980
Caretta,30.951900346294156,-81.41199563654469,2,6,1980
Caretta,30.951900346294156,-81.41199563654469,14,7,1973
Caretta,30.8522,-81.4464,27,9,1979
Caretta,30.951900346294156,-81.41199563654469,2,6,1980
Caretta,30.826504269014638,-81.46529687436495,12,10,1979
Caretta,30.815504617942274,-81.46529686277657,19,5,1980
Caretta,30.731907281091864,-81.45909661548912,23,5,1979
Caretta,30.815504617942274,-81.46529686277657,3,11,1979
Caretta,30.951900346294156,-81.41199563654469,2,6,1980
Caretta,30.951900346294156,-81.41199563654469,23,6,1974
Caretta,30.826504269014638,-81.46529687436495,10,11,1979
Caretta,30.826504269014638,-81.46529687436495,15,7,1979
Caretta,30.951900346294156,-81.41199563654469,17,6,1973
Caretta,30.951900346294156,-81.41199563654469,2,6,1980
Caretta,30.815504617942274,-81.46529686277657,27,7,1980
Caretta,30.815504617942274,-81.46529686277657,11,5,1979
Caretta,30.951900346294156,-81.41199563654469,2,6,1980
Caretta,30.951900346294156,-81.41199563654469,28,7,1974
Caretta,30.74710678990599,-81.46799685981382,25,8,1980
Caretta,30.951900346294156,-81.41199563654469,2,6,1980
Caretta,30.951900346294156,-81.41199563654469,,7,1979
Caretta,30.779905798725483,-81.4010951782704,6,4,1980
Caretta,30.826504269014638,-81.46529687436495,6,7,1980
Caretta,30.951900346294156,-81.41199563654469,2,6,1980
Caretta,30.747106790695394,-81.46699683416604,16,8,1979
Caretta,26.1458,-81.8083,,7,1990
Caretta,30.951900346294156,-81.41199563654469,,7,1979
Caretta,30.0292,-85.57,8,9,1985
Caretta,30.951900346294156,-81.41199563654469,23,6,1974
Caretta,30.780605727236807,-81.46409679517839,1,9,1980
Caretta,30.77990574870056,-81.46509682009462,3,7,1980
Caretta,30.0292,-85.57,8,9,1985
Caretta,30.951900346294156,-81.41199563654469,17,6,1973
Caretta,30.8522,-81.4464,19,6,1980
Caretta,30.8522,-81.4464,1,9,1980
Caretta,30.815504617942274,-81.46529686277657,1,6,1980
Caretta,30.8522,-81.4464,14,8,1980
Caretta,30.8522,-81.4464,9,7,1980
Caretta,30.951900346294156,-81.41199563654469,2,6,1980
Caretta,30.779905798725483,-81.4010951782704,27,4,1979
Caretta,30.951900346294156,-81.41199563654469,14,7,1973
Caretta,30.8522,-81.4464,9,7,1980
Caretta,30.951900346294156,-81.41199563654469,,7,1979
Caretta,30.951900346294156,-81.41199563654469,2,6,1980
Caretta,30.951900346294156,-81.41199563654469,23,6,1974
Caretta,30.951900346294156,-81.41199563654469,,7,1979
Caretta,30.8522,-81.4464,19,7,1980
Caretta,30.815804608423456,-81.4652968630927,5,9,1980
Caretta,30.8522,-81.4464,26,6,1980
Caretta,30.951900346294156,-81.41199563654469,17,6,1973
Caretta,30.8522,-81.4464,3,7,1980
Caretta,30.815504617942274,-81.46529686277657,7,12,1979
Caretta,30.8522,-81.4464,8,6,1979
Caretta,30.731907281091864,-81.45909661548912,10,6,1979
Caretta,30.951900346294156,-81.41199563654469,23,6,1974
Caretta,30.951900346294156,-81.41199563654469,17,6,1973
Caretta,30.77990574870056,-81.46509682009462,26,6,1980
Caretta,30.951900346294156,-81.41199563654469,,,
Caretta,30.8522,-81.4464,1,8,1980
Caretta,30.951900346294156,-81.41199563654469,17,6,1973
Caretta,30.951900346294156,-81.41199563654469,2,6,1980
Caretta,30.8522,-81.4464,4,7,1979
Caretta,30.13,-85.58,,,
Caretta,30.951900346294156,-81.41199563654469,,7,1979
Caretta,30.935100882365614,-81.40359540339101,14,4,1979
Caretta,30.74710678990599,-81.46799685981382,26,6,1980
Caretta,30.951900346294156,-81.41199563654469,17,6,1973
Caretta,30.0292,-85.57,8,9,1985
Caretta,30.747106790695394,-81.46699683416604,6,7,1980
Caretta,30.8522,-81.4464,10,8,1979
Caretta,30.8522,-81.4464,5,5,1979
Caretta,30.8522,-81.4464,4,5,1979
Caretta,30.951900346294156,-81.41199563654469,,7,1979
Caretta,30.951900346294156,-81.41199563654469,2,6,1980
Caretta,30.8522,-81.4464,17,6,1979
Caretta,30.8522,-81.4464,20,7,1979
Caretta,30.815504617942274,-81.46529686277657,11,5,1979
Caretta,30.951900346294156,-81.41199563654469,23,6,1974
Caretta,30.8522,-81.4464,9,6,1979
Caretta,30.8522,-81.4464,4,5,1979
Caretta,30.8522,-81.4464,23,7,1980
Caretta,30.951900346294156,-81.41199563654469,23,6,1974
Caretta,30.951900346294156,-81.41199563654469,2,6,1980
Caretta,30.951900346294156,-81.41199563654469,2,6,1980
Caretta,30.951900346294156,-81.41199563654469,,,
Caretta,30.8522,-81.4464,14,9,1980
Caretta,30.815504617942274,-81.46529686277657,21,9,1979
Caretta,30.951900346294156,-81.41199563654469,17,6,1973
Caretta,30.8522,-81.4464,19,7,1980
Caretta,30.951900346294156,-81.41199563654469,23,6,1974
Caretta,30.951900346294156,-81.41199563654469,2,6,1980
Caretta,30.0292,-85.57,8,9,1985
Caretta,30.951900346294156,-81.41199563654469,2,6,1980
Caretta,30.8522,-81.4464,3,7,1980
Caretta,30.8522,-81.4464,27,9,1979
Caretta,30.74710678990599,-81.46799685981382,7,8,1980
Caretta,30.951900346294156,-81.41199563654469,2,6,1980
Caretta,30.815504617942274,-81.46529686277657,21,6,1980
Caretta,30.951900346294156,-81.41199563654469,28,7,1974
Caretta,30.951900346294156,-81.41199563654469,11,7,1974
Caretta,30.815504617942274,-81.46529686277657,24,7,1980
Caretta,30.951900346294156,-81.41199563654469,11,7,1974
Caretta,30.946600521690442,-81.40109535103994,24,7,1980
Caretta,30.951900346294156,-81.41199563654469,11,7,1974
Caretta,30.74710678990599,-81.46799685981382,26,6,1980
Caretta,30.8522,-81.4464,20,6,1979
Caretta,30.74710678990599,-81.46799685981382,5,9,1980
Caretta,30.8522,-81.4464,14,8,1980
Caretta,30.951900346294156,-81.41199563654469,17,6,1973
Caretta,30.815504617942274,-81.46529686277657,5,7,1979
Caretta,30.951900346294156,-81.41199563654469,,7,1979
Caretta,30.747106790695394,-81.46699683416604,26,8,1979
Caretta,30.951900346294156,-81.41199563654469,11,7,1974
Caretta,30.826504269014638,-81.46529687436495,22,6,1979
Caretta,30.815504617942274,-81.46529686277657,10,6,1979
Caretta,30.8522,-81.4464,8,6,1979
Caretta,30.951900346294156,-81.41199563654469,2,6,1980
Caretta,30.815504617942274,-81.46529686277657,23,5,1979
Caretta,30.951900346294156,-81.41199563654469,2,6,1980
Caretta,30.951900346294156,-81.41199563654469,,7,1979
Caretta,30.8522,-81.4464,7,7,1979
Caretta,30.8522,-81.4464,24,7,1980
Caretta,30.951900346294156,-81.41199563654469,2,6,1980
Caretta,30.747106790695394,-81.46699683416604,26,6,1980
Caretta,30.8522,-81.4464,19,6,1980
Caretta,30.951900346294156,-81.41199563654469,2,6,1980
Caretta,30.951900346294156,-81.41199563654469,,7,1979
Caretta,30.74710678990599,-81.46799685981382,10,6,1979
Caretta,30.731907281091864,-81.45909661548912,4,5,1979
Caretta,30.94050071207839,-81.40359540896767,21,4,1979
Caretta,30.951900346294156,-81.41199563654469,17,6,1973
Caretta,30.0292,-85.57,8,9,1985
Caretta,30.8522,-81.4464,3,11,1979
Caretta,30.951900346294156,-81.41199563654469,2,6,1980
Lepidochelys,30.82650429161224,-81.43639613264575,4,11,1981
Caretta,30.815504617942274,-81.46529686277657,27,4,1979
Caretta,25.8333,-81.525,26,8,1993
Caretta,30.951900346294156,-81.41199563654469,,7,1979
Caretta,30.951900346294156,-81.41199563654469,11,7,1974
Caretta,30.951900346294156,-81.41199563654469,2,6,1980
Caretta,30.8522,-81.4464,21,8,1980
Caretta,30.815504617942274,-81.46529686277657,19,7,1980
Caretta,30.951900346294156,-81.41199563654469,14,7,1973
Caretta,30.815504617942274,-81.46529686277657,1,10,1979
Lepidochelys,30.731907281091864,-81.45909661548912,14,11,1980
Caretta,30.951900346294156,-81.41199563654469,2,6,1980
Caretta,30.951900346294156,-81.41199563654469,23,6,1974
Caretta,30.951900346294156,-81.41199563654469,23,6,1974
Caretta,30.951900346294156,-81.41199563654469,31,7,1973
Caretta,30.8522,-81.4464,12,4,1980
Caretta,30.8522,-81.4464,19,6,1980
Caretta,30.0292,-85.57,8,9,1985
Caretta,30.951900346294156,-81.41199563654469,2,6,1980
Caretta,30.951900346294156,-81.41199563654469,23,6,1974
Caretta,30.951900346294156,-81.41199563654469,2,6,1980
Caretta,30.74710678990599,-81.46799685981382,1,6,1980
Caretta,30.951900346294156,-81.41199563654469,2,6,1980
Caretta,30.951900346294156,-81.41199563654469,2,6,1980
Caretta,30.815504617942274,-81.46529686277657,16,7,1979
Caretta,30.951900346294156,-81.41199563654469,14,7,1973
Caretta,30.951900346294156,-81.41199563654469,14,7,1973
Caretta,30.951900346294156,-81.41199563654469,2,6,1980
Caretta,30.951900346294156,-81.41199563654469,2,6,1980
Caretta,30.8522,-81.4464,10,8,1979
Caretta,24.6292,-82.8736,,8,1932
Caretta,30.8522,-81.4464,17,6,1979
Caretta,30.951900346294156,-81.41199563654469,2,6,1980
Caretta,30.8522,-81.4464,21,4,1979
Caretta,30.780605727236807,-81.46409679517839,19,7,1980
Caretta,30.951900346294156,-81.41199563654469,2,6,1980
Caretta,30.951900346294156,-81.41199563654469,2,6,1980
Caretta,30.74710678990599,-81.46799685981382,18,5,1979
Caretta,30.779905798725483,-81.4010951782704,15,9,1979
Caretta,24.6292,-82.8736,,8,1932
Caretta,30.951900346294156,-81.41199563654469,2,6,1980
Chelonia,30.7511,-81.4603,2,8,1984
Caretta,30.74710678990599,-81.46799685981382,7,10,1979
Caretta,30.731907281091864,-81.45909661548912,23,7,1979
Caretta,30.815504617942274,-81.46529686277657,3,11,1979
Caretta,30.951900346294156,-81.41199563654469,2,6,1980
Lepidochelys,30.82650429161224,-81.43639613264575,5,8,1981
Caretta,30.951900346294156,-81.41199563654469,,7,1979
Caretta,30.951900346294156,-81.41199563654469,2,6,1980
Caretta,30.826504269014638,-81.46529687436495,19,5,1979
Caretta,30.951900346294156,-81.41199563654469,,7,1979
Caretta,30.951900346294156,-81.41199563654469,11,7,1974
Caretta,30.0292,-85.57,8,9,1985
Caretta,30.8522,-81.4464,1,9,1980
Caretta,30.951900346294156,-81.41199563654469,14,7,1973
Caretta,30.780605727236807,-81.46409679517839,23,7,1980
Caretta,30.951900346294156,-81.41199563654469,2,6,1980
Caretta,30.747106790695394,-81.46699683416604,26,6,1980
Caretta,30.951900346294156,-81.41199563654469,,7,1979
Caretta,30.951900346294156,-81.41199563654469,17,6,1973
Caretta,30.0292,-85.57,8,9,1985
Caretta,30.951900346294156,-81.41199563654469,2,6,1980
Caretta,30.8522,-81.4464,30,5,1979
Caretta,30.731907281091864,-81.45909661548912,19,5,1980
Caretta,30.951900346294156,-81.41199563654469,14,7,1973
Caretta,30.951900346294156,-81.41199563654469,2,6,1980
Caretta,30.74710678990599,-81.46799685981382,27,9,1979
Caretta,30.951900346294156,-81.41199563654469,2,6,1980
Caretta,30.951900346294156,-81.41199563654469,2,6,1980
Caretta,30.951900346294156,-81.41199563654469,14,7,1979
Caretta,30.731907281091864,-81.45909661548912,23,7,1980
Caretta,30.951900346294156,-81.41199563654469,2,6,1980
Caretta,30.951900346294156,-81.41199563654469,11,7,1974
Caretta,30.8522,-81.4464,10,10,1980
Caretta,30.747106790695394,-81.46699683416604,23,7,1980
Caretta,30.951900346294156,-81.41199563654469,2,6,1980
Caretta,30.951900346294156,-81.41199563654469,23,6,1974
Caretta,30.951900346294156,-81.41199563654469,17,6,1973
Caretta,30.8522,-81.4464,10,7,1980
Caretta,30.815504617942274,-81.46529686277657,24,7,1980
Caretta,30.780605727236807,-81.46409679517839,19,7,1980
Caretta,30.826504269014638,-81.46529687436495,22,9,1979
Caretta,30.8522,-81.4464,11,8,1980
Caretta,30.951900346294156,-81.41199563654469,,7,1979
Caretta,30.8522,-81.4464,26,6,1980
Caretta,30.8522,-81.4464,3,11,1979
Caretta,30.731907281091864,-81.45909661548912,7,10,1979
Caretta,30.951900346294156,-81.41199563654469,,7,1979
Caretta,30.8522,-81.4464,9,7,1980
Caretta,30.951900346294156,-81.41199563654469,2,6,1980
Caretta,30.826504269014638,-81.46529687436495,18,8,1980
Caretta,26.1458,-81.8083,,7,1990
Lepidochelys,30.82650429161224,-81.43639613264575,5,6,1982
Caretta,30.826504269014638,-81.46529687436495,5,5,1979
Caretta,30.951900346294156,-81.41199563654469,31,7,1973
Eretmochelys,24.67,-81.25,20,2,1989
Caretta,30.951900346294156,-81.41199563654469,14,7,1979
Caretta,30.951900346294156,-81.41199563654469,23,6,1974
Caretta,30.951900346294156,-81.41199563654469,2,6,1980
Caretta,30.951900346294156,-81.41199563654469,23,6,1974
Caretta,30.747106790695394,-81.46699683416604,23,7,1980
Caretta,30.951900346294156,-81.41199563654469,23,6,1974
Caretta,30.815504617942274,-81.46529686277657,21,9,1979
Caretta,30.8522,-81.4464,18,5,1979
Caretta,30.951900346294156,-81.41199563654469,2,6,1980
Caretta,30.951900346294156,-81.41199563654469,,7,1979
Caretta,30.951900346294156,-81.41199563654469,23,6,1974
Caretta,30.74710678990599,-81.46799685981382,5,9,1980
Caretta,30.820804445401034,-81.47089701208259,26,5,1979
Caretta,30.951900346294156,-81.41199563654469,14,7,1973
Caretta,30.815504617942274,-81.46529686277657,10,7,1980
Caretta,30.731907281091864,-81.45909661548912,25,8,1980
Caretta,30.951900346294156,-81.41199563654469,,7,1979
Caretta,30.826504269014638,-81.46529687436495,18,5,1979
Caretta,30.951900346294156,-81.41199563654469,17,6,1973
Caretta,30.951900346294156,-81.41199563654469,23,6,1974
Caretta,30.951900346294156,-81.41199563654469,,7,1979
Caretta,30.951900346294156,-81.41199563654469,2,6,1980
Caretta,30.951900346294156,-81.41199563654469,,7,1979
Lepidochelys,30.82650429161224,-81.43639613264575,18,11,1982
Caretta,30.8522,-81.4464,28,10,1979
Caretta,30.951900346294156,-81.41199563654469,,7,1979
Caretta,30.951900346294156,-81.41199563654469,2,6,1980
Caretta,30.826504269014638,-81.46529687436495,10,10,1980
Caretta,30.8522,-81.4464,4,5,1979
Lepidochelys,30.780805721194326,-81.46369678512738,31,10,1980
Caretta,30.826504269014638,-81.46529687436495,19,7,1980
Caretta,29.725,-85,,,
Caretta,30.951900346294156,-81.41199563654469,,,
Caretta,30.951900346294156,-81.41199563654469,14,7,1973
Caretta,30.8522,-81.4464,6,7,1980
Caretta,30.951900346294156,-81.41199563654469,17,6,1973
Caretta,30.8522,-81.4464,19,7,1980
Caretta,30.747106790695394,-81.46699683416604,19,7,1980
Caretta,30.951900346294156,-81.41199563654469,2,6,1980
Caretta,30.815504617942274,-81.46529686277657,20,6,1980
Caretta,30.951900346294156,-81.41199563654469,2,6,1980
Caretta,30.731907281091864,-81.45909661548912,20,7,1979
Caretta,30.8522,-81.4464,4,5,1979
Caretta,30.8522,-81.4464,19,5,1980
Caretta,30.0292,-85.57,8,9,1985
Caretta,30.951900346294156,-81.41199563654469,2,6,1980
Caretta,30.0292,-85.57,8,9,1985
Caretta,30.8522,-81.4464,21,9,1979
Caretta,30.951900346294156,-81.41199563654469,17,6,1973
Caretta,30.8522,-81.4464,14,6,1980
Caretta,30.951900346294156,-81.41199563654469,14,7,1973
Caretta,30.8522,-81.4464,27,5,1979
Caretta,30.0292,-85.57,8,9,1985
Caretta,30.951900346294156,-81.41199563654469,2,6,1980
Caretta,30.74710678990599,-81.46799685981382,11,7,1979
Caretta,30.8522,-81.4464,21,8,1980
Caretta,30.8522,-81.4464,19,5,1979
Caretta,30.8522,-81.4464,10,10,1980
Caretta,30.951900346294156,-81.41199563654469,2,6,1980
Caretta,30.951900346294156,-81.41199563654469,23,6,1974
Caretta,30.8522,-81.4464,11,5,1979
Caretta,30.8522,-81.4464,23,11,1979
Caretta,30.951900346294156,-81.41199563654469,2,6,1980
Caretta,30.8522,-81.4464,16,5,1979
Caretta,30.951900346294156,-81.41199563654469,2,6,1980
Caretta,30.951900346294156,-81.41199563654469,11,7,1974
Caretta,29.725,-85,,,
Caretta,30.951900346294156,-81.41199563654469,17,6,1973
Caretta,30.951900346294156,-81.41199563654469,23,6,1974
Caretta,30.8522,-81.4464,4,5,1979
Caretta,30.815504617942274,-81.46529686277657,19,7,1980
Caretta,30.951900346294156,-81.41199563654469,,7,1979
Caretta,30.8522,-81.4464,24,11,1979
Caretta,30.74710678990599,-81.46799685981382,19,7,1980
Caretta,30.951900346294156,-81.41199563654469,,7,1979
Caretta,30.951900346294156,-81.41199563654469,17,6,1973
Chelonia,31.0668,-81.418,17,6,1932
Caretta,30.951900346294156,-81.41199563654469,,7,1979
Caretta,30.951900346294156,-81.41199563654469,2,6,1980
Caretta,30.951900346294156,-81.41199563654469,2,6,1980
Caretta,30.8522,-81.4464,19,7,1980
Caretta,30.951900346294156,-81.41199563654469,2,6,1980
Caretta,30.8522,-81.4464,4,7,1980
Caretta,24.6292,-82.8736,,8,1932
Caretta,30.946600521690442,-81.40109535103994,1,9,1980
Caretta,30.8522,-81.4464,14,6,1980
Caretta,30.780605727236807,-81.46409679517839,26,6,1980
Caretta,30.731907281091864,-81.45909661548912,14,6,1980
Caretta,30.951900346294156,-81.41199563654469,23,6,1974
Caretta,30.8522,-81.4464,27,4,1979
Caretta,30.815504617942274,-81.46529686277657,4,5,1979
Caretta,30.8522,-81.4464,1,9,1980
Caretta,30.951900346294156,-81.41199563654469,,7,1979
Caretta,30.951900346294156,-81.41199563654469,17,6,1973
Caretta,30.0292,-85.57,8,9,1985
Caretta,30.951900346294156,-81.41199563654469,2,6,1980
Caretta,30.951900346294156,-81.41199563654469,2,6,1980
Caretta,30.951900346294156,-81.41199563654469,14,7,1973
Caretta,30.77990574870056,-81.46509682009462,30,6,1980
Caretta,30.815504617942274,-81.46529686277657,18,8,1980
Caretta,30.951900346294156,-81.41199563654469,2,6,1980
Caretta,30.951900346294156,-81.41199563654469,17,6,1973
Caretta,30.951900346294156,-81.41199563654469,2,6,1980
Caretta,30.827704245676678,-81.44649639311635,19,7,1980
Caretta,30.82650429161224,-81.43639613264575,,2,1967
Caretta,30.951900346294156,-81.41199563654469,,7,1979
Caretta,30.951900346294156,-81.41199563654469,,7,1979
Caretta,30.951900346294156,-81.41199563654469,2,6,1980
Caretta,30.951900346294156,-81.41199563654469,14,7,1979
Eretmochelys,24.6292,-82.8736,,,
Caretta,30.8522,-81.4464,19,5,1980
Caretta,30.951900346294156,-81.41199563654469,2,6,1980
Caretta,30.951900346294156,-81.41199563654469,2,6,1980
Caretta,30.731907281091864,-81.45909661548912,1,9,1980
Caretta,30.951900346294156,-81.41199563654469,2,6,1980
Caretta,30.951900346294156,-81.41199563654469,,7,1979
Caretta,30.815504617942274,-81.46529686277657,31,7,1980
Chelonia,24.9533,-80.5867,27,5,1989
Caretta,30.951900346294156,-81.41199563654469,,7,1979
Caretta,30.8522,-81.4464,23,5,1979
Caretta,24.6292,-82.8736,,8,1932
Caretta,30.8522,-81.4464,23,7,1980
Caretta,30.951900346294156,-81.41199563654469,,,
Caretta,30.8522,-81.4464,14,6,1980
Caretta,30.815504617942274,-81.46529686277657,21,9,1979
Caretta,30.815504617942274,-81.46529686277657,1,8,1980
Caretta,30.951900346294156,-81.41199563654469,11,7,1974
Caretta,30.815504617942274,-81.46529686277657,1,6,1980
Caretta,30.826504269014638,-81.46529687436495,19,5,1980
Caretta,30.8522,-81.4464,27,9,1979
Caretta,29.725,-85,,,
Caretta,30.747106790695394,-81.46699683416604,15,7,1979
Caretta,30.951900346294156,-81.41199563654469,14,7,1973
Caretta,30.826504269014638,-81.46529687436495,11,5,1979
Caretta,30.0292,-85.57,8,9,1985
Caretta,30.951900346294156,-81.41199563654469,,7,1979
Caretta,30.951900346294156,-81.41199563654469,2,6,1980
Caretta,30.815504617942274,-81.46529686277657,29,8,1979
Eretmochelys,24.5681,-81.8111,9,11,1988
Caretta,30.826504269014638,-81.46529687436495,1,7,1979
Caretta,30.74710678990599,-81.46799685981382,12,9,1979
Caretta,30.826504269014638,-81.46529687436495,11,5,1979
Caretta,30.815504617942274,-81.46529686277657,21,9,1979
Caretta,30.951900346294156,-81.41199563654469,23,6,1974
Caretta,30.951900346294156,-81.41199563654469,2,6,1980
Caretta,30.8522,-81.4464,1,8,1980
Caretta,30.951900346294156,-81.41199563654469,2,6,1980
Caretta,30.951900346294156,-81.41199563654469,23,6,1974
Caretta,30.951900346294156,-81.41199563654469,23,6,1974
Caretta,30.951900346294156,-81.41199563654469,,7,1979
Caretta,30.951900346294156,-81.41199563654469,,7,1979
Caretta,30.951900346294156,-81.41199563654469,11,7,1974
Caretta,30.0292,-85.57,8,9,1985
Caretta,30.0292,-85.57,8,9,1985
Caretta,30.0292,-85.57,8,9,1985
Caretta,30.951900346294156,-81.41199563654469,2,6,1980
Caretta,30.951900346294156,-81.41199563654469,17,6,1973
Caretta,30.946600521690442,-81.40109535103994,19,7,1980
Caretta,30.74710678990599,-81.46799685981382,11,8,1980
Caretta,30.747106790695394,-81.46699683416604,10,7,1980
Caretta,30.951900346294156,-81.41199563654469,17,6,1973
Lepidochelys,30.826504269014638,-81.46529687436495,22,12,1979
Caretta,30.951900346294156,-81.41199563654469,23,6,1974
Caretta,30.951900346294156,-81.41199563654469,23,6,1974
Caretta,30.951900346294156,-81.41199563654469,,7,1979
Caretta,30.780205739243154,-81.46499681784583,19,6,1980
Caretta,30.815504617942274,-81.46529686277657,19,7,1980
Caretta,30.8522,-81.4464,19,7,1980
Caretta,30.951900346294156,-81.41199563654469,2,6,1980
Caretta,30.815504617942274,-81.46529686277657,19,5,1980
Caretta,30.951900346294156,-81.41199563654469,2,6,1980
Caretta,30.815504617942274,-81.46529686277657,8,8,1980
Caretta,30.815504617942274,-81.46529686277657,19,5,1979
Caretta,30.951900346294156,-81.41199563654469,2,6,1980
Caretta,30.8522,-81.4464,3,7,1980
Caretta,30.0292,-85.57,8,9,1985
Caretta,30.951900346294156,-81.41199563654469,17,6,1973
Caretta,30.826504269014638,-81.46529687436495,18,8,1980
Caretta,30.951900346294156,-81.41199563654469,23,6,1974
Caretta,30.8522,-81.4464,3,7,1980
Lepidochelys,30.826504269014638,-81.46529687436495,22,11,1979
Caretta,26.5208,-82.1917,1,3,1967
Caretta,30.731907281091864,-81.45909661548912,23,7,1979
Caretta,30.951900346294156,-81.41199563654469,2,6,1980
Caretta,30.8522,-81.4464,22,11,1979
Caretta,30.951900346294156,-81.41199563654469,23,6,1974
Caretta,30.8522,-81.4464,14,6,1980
Caretta,30.951900346294156,-81.41199563654469,2,6,1980
Caretta,30.951900346294156,-81.41199563654469,2,6,1980
Caretta,30.951900346294156,-81.41199563654469,14,7,1973
Caretta,30.951900346294156,-81.41199563654469,17,6,1973
Caretta,30.951900346294156,-81.41199563654469,2,6,1980
Caretta,30.951900346294156,-81.41199563654469,14,7,1979
Caretta,30.8522,-81.4464,31,10,1980
Caretta,30.8522,-81.4464,18,8,1980
Caretta,30.951900346294156,-81.41199563654469,23,6,1974
Lepidochelys,30.82650429161224,-81.43639613264575,16,12,1981
Caretta,30.951900346294156,-81.41199563654469,,7,1979
Caretta,30.815504617942274,-81.46529686277657,11,5,1979
Caretta,30.731907281091864,-81.45909661548912,17,6,1979
Caretta,30.951900346294156,-81.41199563654469,2,6,1980
Caretta,30.951900346294156,-81.41199563654469,17,6,1973
Caretta,30.779905798725483,-81.4010951782704,31,7,1980
Caretta,30.815504617942274,-81.46529686277657,18,8,1980
Caretta,30.951900346294156,-81.41199563654469,14,7,1973
Caretta,30.951900346294156,-81.41199563654469,,,
Caretta,30.74710678990599,-81.46799685981382,21,9,1979
Caretta,30.826504269014638,-81.46529687436495,19,5,1979
Caretta,30.951900346294156,-81.41199563654469,,7,1979
Caretta,30.951900346294156,-81.41199563654469,2,6,1980
Caretta,30.826504269014638,-81.46529687436495,28,5,1980
Caretta,30.951900346294156,-81.41199563654469,28,7,1974
Caretta,30.946600521690442,-81.40109535103994,2,6,1980
Caretta,30.826504269014638,-81.46529687436495,27,9,1979
Lepidochelys,30.82650429161224,-81.43639613264575,20,10,1982
Caretta,30.951900346294156,-81.41199563654469,14,7,1973
Caretta,30.8522,-81.4464,14,6,1980
Caretta,30.951900346294156,-81.41199563654469,2,6,1980
Caretta,30.951900346294156,-81.41199563654469,17,6,1973
Caretta,30.951900346294156,-81.41199563654469,23,6,1974
Caretta,30.951900346294156,-81.41199563654469,,7,1979
Caretta,30.946600521690442,-81.40109535103994,22,9,1979
Caretta,30.731907281091864,-81.45909661548912,27,9,1979
Caretta,30.0292,-85.57,8,9,1985
Lepidochelys,30.82650429161224,-81.43639613264575,28,10,1981
Caretta,30.951900346294156,-81.41199563654469,23,6,1974
Caretta,30.951900346294156,-81.41199563654469,23,6,1974
Caretta,30.951900346294156,-81.41199563654469,2,6,1980
Caretta,30.951900346294156,-81.41199563654469,2,6,1980
Caretta,30.8522,-81.4464,4,7,1980
Caretta,24.6292,-82.8736,,8,1932
Caretta,30.815504617942274,-81.46529686277657,5,9,1980
Caretta,29.725,-85,,,
Caretta,25.8333,-81.525,1,9,1993
Caretta,30.951900346294156,-81.41199563654469,,7,1979
Caretta,30.8522,-81.4464,11,5,1979
Caretta,30.826504269014638,-81.46529687436495,2,11,1979
Caretta,30.0292,-85.57,8,9,1985
Caretta,30.826504269014638,-81.46529687436495,19,5,1980
Caretta,30.951900346294156,-81.41199563654469,14,7,1973
Caretta,30.731907281091864,-81.45909661548912,12,9,1980
Caretta,29.725,-85,,,
Caretta,30.951900346294156,-81.41199563654469,,7,1979
Caretta,30.731907281091864,-81.45909661548912,12,9,1979
Caretta,30.8522,-81.4464,11,8,1979
Caretta,30.77990574870056,-81.46509682009462,11,5,1979
Caretta,30.0292,-85.57,28,8,1984
Caretta,30.951900346294156,-81.41199563654469,2,6,1980
Caretta,30.815804608423456,-81.4652968630927,23,7,1980
Caretta,30.8522,-81.4464,18,8,1980
Caretta,30.8522,-81.4464,11,5,1979
Caretta,30.815504617942274,-81.46529686277657,12,4,1980
Caretta,30.951900346294156,-81.41199563654469,2,6,1980
Caretta,30.8522,-81.4464,10,6,1979
Caretta,29.725,-85,,,
Caretta,30.8522,-81.4464,12,4,1980
Caretta,30.826504269014638,-81.46529687436495,10,9,1979
Caretta,30.951900346294156,-81.41199563654469,11,7,1974
Caretta,30.951900346294156,-81.41199563654469,2,6,1980
Caretta,30.8522,-81.4464,6,7,1980
Caretta,30.731907281091864,-81.45909661548912,5,6,1980
Caretta,30.747106790695394,-81.46699683416604,19,7,1980
Caretta,24.6292,-82.8736,,8,1932
Caretta,30.815504617942274,-81.46529686277657,19,7,1980
Caretta,30.0292,-85.57,8,9,1985
Caretta,29.725,-85,,,
Caretta,30.8522,-81.4464,5,9,1980
Caretta,30.0292,-85.57,8,9,1985
Caretta,30.815504617942274,-81.46529686277657,12,9,1979
Caretta,30.8522,-81.4464,19,5,1980
Caretta,30.8522,-81.4464,11,5,1979
Caretta,30.946600521690442,-81.40109535103994,1,6,1980
Caretta,30.951900346294156,-81.41199563654469,2,6,1980
Caretta,30.8522,-81.4464,29,10,1979
Caretta,30.951900346294156,-81.41199563654469,14,7,1973
Caretta,30.731907281091864,-81.45909661548912,10,7,1980
Caretta,30.826504269014638,-81.46529687436495,16,5,1979
Caretta,30.951900346294156,-81.41199563654469,23,6,1974
Caretta,30.826504269014638,-81.46529687436495,10,9,1979
Caretta,30.780605727236807,-81.46409679517839,26,8,1979
Caretta,30.951900346294156,-81.41199563654469,14,7,1973
Caretta,30.8522,-81.4464,19,5,1980
Caretta,30.951900346294156,-81.41199563654469,17,6,1973
Caretta,30.731907281091864,-81.45909661548912,17,10,1979
Caretta,30.8522,-81.4464,9,6,1979
Caretta,30.826504269014638,-81.46529687436495,6,7,1980
Caretta,30.826504269014638,-81.46529687436495,11,5,1979
Caretta,30.82650429161224,-81.43639613264575,14,7,1984
Caretta,30.8522,-81.4464,5,9,1980
Caretta,30.8522,-81.4464,10,10,1980
Caretta,30.815804608423456,-81.4652968630927,6,7,1980
Caretta,30.951900346294156,-81.41199563654469,14,7,1973
Caretta,29.725,-85,,,
Caretta,30.951900346294156,-81.41199563654469,17,6,1973
Caretta,30.815504617942274,-81.46529686277657,8,9,1980
Caretta,30.951900346294156,-81.41199563654469,11,7,1974
Caretta,30.0292,-85.57,8,9,1985
Caretta,30.951900346294156,-81.41199563654469,2,6,1980
Caretta,30.8522,-81.4464,19,7,1980
Caretta,30.780605727236807,-81.46409679517839,23,7,1980
Caretta,30.951900346294156,-81.41199563654469,14,7,1973
Caretta,30.951900346294156,-81.41199563654469,14,7,1973
Caretta,30.951900346294156,-81.41199563654469,2,6,1980
Caretta,30.0292,-85.57,8,9,1985
Caretta,30.951900346294156,-81.41199563654469,,7,1979
Caretta,30.0292,-85.57,8,9,1985
Caretta,30.8522,-81.4464,18,5,1979
Caretta,30.77990574870056,-81.46509682009462,23,7,1979
Caretta,30.0292,-85.57,8,9,1985
Caretta,30.951900346294156,-81.41199563654469,14,7,1973
Caretta,30.780605727236807,-81.46409679517839,3,7,1980
Caretta,30.951900346294156,-81.41199563654469,14,7,1973
Caretta,30.747106790695394,-81.46699683416604,19,7,1980
Caretta,30.951900346294156,-81.41199563654469,28,7,1974
Caretta,30.951900346294156,-81.41199563654469,2,6,1980
Caretta,30.8522,-81.4464,14,6,1980
Caretta,30.747106790695394,-81.46699683416604,19,7,1980
Caretta,30.951900346294156,-81.41199563654469,2,6,1980
Caretta,30.826504269014638,-81.46529687436495,2,11,1979
Caretta,30.951900346294156,-81.41199563654469,2,6,1980
Caretta,30.946600521690442,-81.40109535103994,19,7,1980
Caretta,30.815504617942274,-81.46529686277657,1,6,1980
Caretta,30.815504617942274,-81.46529686277657,4,7,1980
Caretta,30.815504617942274,-81.46529686277657,7,8,1980
Caretta,30.74710678990599,-81.46799685981382,23,7,1980
Caretta,30.8522,-81.4464,3,11,1979
Caretta,30.8522,-81.4464,18,5,1979
Caretta,30.951900346294156,-81.41199563654469,14,7,1973
Caretta,30.951900346294156,-81.41199563654469,2,6,1980
Caretta,30.731907281091864,-81.45909661548912,28,8,1980
Caretta,30.8522,-81.4464,9,7,1980
Caretta,30.951900346294156,-81.41199563654469,23,6,1974
Caretta,30.951900346294156,-81.41199563654469,17,6,1973
Caretta,30.951900346294156,-81.41199563654469,14,7,1973
Caretta,30.8522,-81.4464,12,9,1979
Caretta,30.0292,-85.57,8,9,1985
Caretta,30.8522,-81.4464,11,8,1979
Caretta,30.826504269014638,-81.46529687436495,19,5,1979
Caretta,29.725,-85,,,
Caretta,30.826504269014638,-81.46529687436495,24,7,1980
Caretta,30.8522,-81.4464,29,10,1979
Caretta,30.747106790695394,-81.46699683416604,7,8,1980
Caretta,30.74710678990599,-81.46799685981382,27,7,1980
Caretta,30.951900346294156,-81.41199563654469,17,6,1973
Caretta,30.951900346294156,-81.41199563654469,17,6,1973
Lepidochelys,30.8522,-81.4464,4,7,1979
Caretta,30.05,-85.63,,10,1982
Caretta,30.8522,-81.4464,5,9,1980
Caretta,30.951900346294156,-81.41199563654469,2,6,1980
Caretta,30.8522,-81.4464,17,6,1979
Caretta,30.951900346294156,-81.41199563654469,,7,1979
Caretta,30.74710678990599,-81.46799685981382,7,8,1980
Caretta,30.951900346294156,-81.41199563654469,23,6,1974
Caretta,30.807804864742454,-81.46219677511033,14,6,1980
Caretta,30.951900346294156,-81.41199563654469,2,6,1980
Caretta,30.951900346294156,-81.41199563654469,31,7,1973
Caretta,27.9097,-82.4458,,8,1973
Caretta,30.906101779635936,-81.42699597435997,19,7,1980
Caretta,30.951900346294156,-81.41199563654469,28,7,1974
Caretta,30.951900346294156,-81.41199563654469,2,6,1980
Caretta,29.725,-85,,,
Caretta,30.951900346294156,-81.41199563654469,2,6,1980
Caretta,30.0292,-85.57,8,9,1985
Caretta,30.951900346294156,-81.41199563654469,,7,1979
Caretta,30.8522,-81.4464,26,6,1980
Caretta,30.826504269014638,-81.46529687436495,18,5,1979
Caretta,30.951900346294156,-81.41199563654469,,7,1979
Caretta,30.951900346294156,-81.41199563654469,14,7,1973
Caretta,30.951900346294156,-81.41199563654469,2,6,1980
Caretta,30.951900346294156,-81.41199563654469,2,6,1980
Caretta,30.815504617942274,-81.46529686277657,5,9,1980
Caretta,30.951900346294156,-81.41199563654469,2,6,1980
Caretta,30.951900346294156,-81.41199563654469,2,6,1980
Caretta,24.6278,-82.8658,,7,1970
Caretta,30.951900346294156,-81.41199563654469,2,6,1980
Caretta,30.826504269014638,-81.46529687436495,11,5,1979
Caretta,30.8522,-81.4464,11,5,1979
Caretta,30.826504269014638,-81.46529687436495,26,6,1980
Caretta,30.747106790695394,-81.46699683416604,10,7,1980
Lepidochelys,30.8522,-81.4464,17,10,1979
Caretta,30.951900346294156,-81.41199563654469,2,6,1980
Caretta,30.951900346294156,-81.41199563654469,28,7,1974
Caretta,30.8522,-81.4464,1,9,1980
Caretta,30.951900346294156,-81.41199563654469,28,7,1974
Caretta,30.780805721194326,-81.46369678512738,21,9,1979
Caretta,30.951900346294156,-81.41199563654469,2,6,1980
Caretta,30.815504617942274,-81.46529686277657,11,5,1979
Caretta,30.951900346294156,-81.41199563654469,2,6,1980
Caretta,30.8522,-81.4464,1,6,1980
Caretta,30.951900346294156,-81.41199563654469,28,7,1974
Caretta,30.951900346294156,-81.41199563654469,23,6,1974
Caretta,30.951900346294156,-81.41199563654469,2,6,1980
Caretta,30.815504617942274,-81.46529686277657,14,6,1980
Caretta,30.951900346294156,-81.41199563654469,2,6,1980
Caretta,30.951900346294156,-81.41199563654469,17,6,1973
Caretta,30.951900346294156,-81.41199563654469,23,6,1974
Caretta,30.8522,-81.4464,19,5,1980
Caretta,30.8522,-81.4464,4,5,1979
Caretta,30.951900346294156,-81.41199563654469,2,6,1980
Caretta,30.8522,-81.4464,3,7,1980
Caretta,30.946600521690442,-81.40109535103994,10,7,1979
Caretta,30.74710678990599,-81.46799685981382,12,9,1979
Caretta,30.826504269014638,-81.46529687436495,9,6,1979
Caretta,30.815504617942274,-81.46529686277657,24,7,1980
Caretta,30.8522,-81.4464,27,4,1979
Caretta,26.1458,-81.8083,,7,1990
Caretta,30.0292,-85.57,8,9,1985
Caretta,30.8522,-81.4464,3,7,1980
Caretta,30.951900346294156,-81.41199563654469,17,6,1973
Caretta,30.951900346294156,-81.41199563654469,,7,1979
Caretta,30.951900346294156,-81.41199563654469,2,6,1980
Caretta,30.74710678990599,-81.46799685981382,4,5,1979
Caretta,30.815504617942274,-81.46529686277657,18,5,1979
Caretta,30.826504269014638,-81.46529687436495,21,8,1980
Caretta,29.725,-85,,,
Caretta,30.0292,-85.57,8,9,1985
Caretta,30.74710678990599,-81.46799685981382,12,9,1979
Caretta,30.815504617942274,-81.46529686277657,19,5,1979
Caretta,30.815504617942274,-81.46529686277657,5,9,1980
Caretta,30.951900346294156,-81.41199563654469,17,6,1973
Caretta,30.8522,-81.4464,10,7,1980
Caretta,30.951900346294156,-81.41199563654469,2,6,1980
Caretta,30.951900346294156,-81.41199563654469,11,7,1974
Caretta,30.951900346294156,-81.41199563654469,,7,1979
Caretta,30.8522,-81.4464,19,7,1980
Caretta,30.951900346294156,-81.41199563654469,2,6,1980
Caretta,30.815504617942274,-81.46529686277657,23,7,1980
Caretta,30.747106790695394,-81.46699683416604,23,7,1980
Caretta,30.8522,-81.4464,10,7,1980
Caretta,29.725,-85,,,
Chelonia,29.86,-82.83,9,4,2016
Caretta,24.758131,-81.405305,10,7,2016
Caretta,26.9168,-79.9949,,,
Caretta,26.9166,-80.0046,,,
Caretta,28.7615,-80.4293,,,
Caretta,27.6668,-80.2944,,,
Caretta,27.6667,-80.337,,,
Caretta,29.3462,-80.5421,,,
Caretta,25.0003,-81.5827,,,
Caretta,25,-81.4935,,,
Caretta,29.3463,-80.5959,,,
Caretta,25,-80.4897,,,
Caretta,29.4334,-80.9201,,,
Caretta,24.5004,-81.6794,,,
Chelonia,28.5118,-80.3985,,,
Caretta,24.5004,-81.7002,,,
Caretta,24.4995,-81.8507,,,
Caretta,24.5004,-81.6744,,,
Caretta,24.5,-82.1194,,,
Caretta,24.5004,-81.7002,,,
Caretta,24.4998,-81.7212,,,
Caretta,24.5004,-81.6794,,,
Caretta,29.8207,-80.6947,15,8,1998
Caretta,29.1798,-80.7833,,,
Caretta,31.1812,-80.8474,,,
Caretta,30.3468,-80.8835,,,
Caretta,30.6807,-80.9655,,,
Caretta,30.5982,-81.024,,,
Caretta,30.5982,-80.7172,,,
Caretta,31.0142,-81.092,,,
Caretta,30.7654,-81.1578,,,
Caretta,31.0675,-80.0065,12,8,1999
Caretta,30.7638,-80.7296,,,
Caretta,31.0992,-81.0517,,,
Caretta,30.7635,-81.321,,,
Caretta,30.0967,-80.7961,,,
Caretta,30.7643,-81.1142,,,
Caretta,30.4307,-80.8746,,,
Caretta,30.4308,-81.0234,,,
Caretta,30.4318,-81.1024,,,
Caretta,30.4307,-80.7324,,,
Caretta,30.4307,-80.7737,,,
Caretta,30.431,-81.0046,,,
Caretta,30.4312,-81.055,,,
Caretta,30.4308,-80.9659,,,
Caretta,30.4307,-80.7835,,,
Caretta,30.4317,-81.095,,,
Caretta,30.5155,-81.167,,,
Caretta,30.5147,-81.2782,,,
Caretta,30.515,-81.1513,,,
Caretta,30.5138,-80.8972,,,
Caretta,31.1957,-80.3308,12,8,1999
Caretta,30.5143,-80.9862,,,
Caretta,29.263,-80.7046,,,
Caretta,29.179,-80.5132,,,
Caretta,28.763,-80.6383,,,
Caretta,28.7628,-80.712,,,
Caretta,29.2633,-80.679,,,
Caretta,28.7622,-80.3143,,,
Caretta,29.2628,-80.6853,,,
Caretta,28.8468,-80.5721,,,
Caretta,29.2632,-80.6774,,,
Caretta,27.9996,-80.4219,,,
Caretta,28.7638,-80.4842,,,
Caretta,27.9158,-80.469,,,
Caretta,28.8465,-80.5816,,,
Caretta,29.2632,-80.8314,,,
Caretta,28.7632,-80.5649,,,
Caretta,28.7625,-80.3365,,,
Caretta,27.2502,-80.0878,,,
Caretta,27.2498,-80.0432,,,
Caretta,28.8462,-80.4009,,,
Caretta,27.9158,-80.469,,,
Caretta,28.5975,-80.4939,,,
Caretta,28.8462,-80.5477,,,
Caretta,28.0498,-80.403,20,7,1998
Caretta,28.0004,-80.5063,,,
Caretta,27.2502,-80.1302,,,
Caretta,27.25,-80.0598,,,
Caretta,27.9154,-80.4635,,,
Caretta,27.2497,-80.1311,,,
Caretta,27.9161,-80.4723,,,
Caretta,28.6783,-80.5321,,,
Caretta,28.679,-80.6447,,,
Caretta,28.679,-80.4306,,,
Caretta,29.5119,-80.9464,,,
Caretta,29.5127,-80.5833,,,
Caretta,29.3463,-80.7021,,,
Caretta,28.6788,-80.6342,,,
Caretta,28.5171,-80.3973,,,
Caretta,28.6792,-80.4516,,,
Caretta,24.9163,-80.5946,,,
Caretta,29.3455,-80.5432,,,
Caretta,24.9169,-80.5399,,,
Caretta,29.3458,-80.409,,,
Caretta,24.9169,-80.5399,,,
Caretta,24.9163,-80.5946,,,
Caretta,24.9169,-80.5399,,,
Caretta,24.9169,-80.5399,,,
Caretta,29.7653,-81.0452,,,
Caretta,24.9167,-81.4264,,,
Caretta,29.7637,-81.0756,,,
Caretta,29.7635,-81.091,,,
Caretta,29.2627,-80.4516,,,
Caretta,29.2627,-80.4516,,,
Caretta,29.2632,-80.5432,,,
Caretta,29.263,-80.5814,,,
Caretta,29.9305,-80.9108,,,
Caretta,29.9303,-80.9838,,,
Caretta,30.6807,-81.3416,,,
Caretta,30.6805,-81.2167,,,
Caretta,30.7652,-81.2162,,,
Caretta,30.4752,-81.1621,,,
Chelonia,30.2642,-81.1274,,,
Caretta,30.2642,-80.9899,,,
Caretta,30.2636,-80.6841,,,
Caretta,30.1808,-81.1276,,,
Caretta,30.2637,-80.8223,,,
Caretta,30.0132,-81.2788,,,
Chelonia,30.0135,-80.8635,,,
Caretta,30.1798,-80.9754,,,
Caretta,30.1805,-81.1443,,,
Caretta,30.1803,-80.9546,,,
Caretta,30.1808,-81.1293,,,
Caretta,30.4308,-80.8547,,,
Caretta,30.4305,-81.2645,,,
Caretta,30.4308,-81.1357,,,
Caretta,30.4305,-81.0703,,,
Caretta,30.4303,-81.3107,,,
Caretta,31.1302,-80.1935,12,8,1999
Caretta,29.0125,-80.813,,,
Caretta,29.0127,-80.8323,,,
Caretta,28.7667,-80.6361,,,
Caretta,29.0125,-80.8264,,,
Caretta,29.0128,-80.6497,,,
Caretta,29.0962,-80.7163,,,
Caretta,28.8501,-80.6448,,,
Caretta,29.0968,-80.4936,,,
Caretta,29.4297,-80.7254,,,
Chelonia,29.4293,-80.7378,,,
Caretta,29.0137,-80.3467,,,
Caretta,27.1668,-80.087,,,
Caretta,28.8458,-80.4437,,,
Caretta,29.0958,-80.5922,,,
Caretta,24.6665,-82.7681,,,
Caretta,24.6663,-82.2118,,,
Caretta,28.7673,-80.5607,,,
Caretta,24.6667,-82.1787,,,
Caretta,24.6664,-82.2005,,,
Caretta,28.2493,-80.5091,,,
Caretta,29.43,-80.4488,,,
Caretta,29.5965,-80.8763,,,
Caretta,29.4294,-80.4282,,,
Caretta,29.4315,-80.5823,,,
Caretta,24.6668,-82.1918,,,
Caretta,28.2494,-80.5251,,,
Caretta,28.5127,-80.4858,,,
Caretta,28.5122,-80.3322,,,
Caretta,29.596,-80.5352,,,
Caretta,29.5965,-80.55,,,
Caretta,24.6671,-81.6873,,,
Caretta,28.5122,-80.3337,,,
Caretta,28.4292,-80.2841,,,
Caretta,28.4283,-80.2916,,,
Caretta,24.6669,-81.1107,,,
Caretta,25.4163,-80.129,,,
Caretta,25.4167,-80.1636,,,
Caretta,24.6668,-81.8498,,,
Caretta,24.6668,-81.8498,,,
Caretta,29.43,-80.8529,,,
Caretta,29.7102,-80.3822,10,8,1999
Chelonia,29.6783,-80.5552,,,
Caretta,29.68,-80.9476,,,
Caretta,29.1837,-80.8258,,,
Caretta,29.8466,-81.1872,,,
Caretta,29.931,-81.1188,,,
Caretta,31.3468,-80.5215,,,
Caretta,30.6797,-80.7036,,,
Caretta,30.3468,-80.8656,,,
Caretta,30.3472,-81.2318,,,
Caretta,30.3475,-81.1752,,,
Caretta,30.6797,-80.8628,,,
Caretta,30.2637,-81.303,,,
Caretta,30.2638,-81.1687,,,
Caretta,30.2642,-80.7939,,,
Caretta,30.2642,-80.952,,,
Caretta,30.2638,-81.2137,,,
Caretta,30.2642,-80.9846,,,
Caretta,30.0133,-80.9952,,,
Caretta,30.4307,-80.8362,,,
Caretta,30.9313,-81.2889,,,
Caretta,30.8478,-81.3368,,,
Caretta,30.5147,-81.0661,,,
Caretta,30.5136,-80.7769,,,
Caretta,30.5132,-80.6499,,,
Caretta,30.5142,-81.1255,,,
Caretta,30.5148,-81.0215,,,
Caretta,30.5145,-81.0329,,,
Caretta,30.5153,-81.0102,,,
Caretta,30.515,-81.0191,,,
Caretta,30.5151,-81.0158,,,
Caretta,29.2669,-80.9481,,,
Caretta,29.0958,-80.8788,,,
Caretta,29.1006,-80.8061,,,
Caretta,29.1,-80.827,,,
Caretta,28.8462,-80.6155,,,
Caretta,29.0957,-80.7727,,,
Caretta,29.1006,-80.8061,,,
Caretta,28.7785,-80.2388,19,7,1998
Caretta,28.9627,-80.2072,19,7,1998
Caretta,27.4997,-80.205,,,
Caretta,29.0958,-80.5718,,,
Caretta,29.0955,-80.5001,,,
Caretta,28.1664,-80.4912,,,
Caretta,27.5004,-80.1926,,,
Caretta,28.0823,-80.5062,,,
Caretta,27.0834,-80.1128,,,
Caretta,29.0999,-80.8687,,,
Caretta,28.08,-80.5306,,,
Caretta,28.5998,-80.3805,,,
Caretta,29.2664,-80.9906,,,
Caretta,28.6,-80.5008,,,
Chelonia,28.3335,-80.5077,,,
Caretta,29.2633,-80.5087,,,
Caretta,29.2633,-80.6355,,,
Caretta,29.8457,-80.8781,,,
Caretta,29.8467,-80.786,,,
Caretta,29.846,-80.8536,,,
Caretta,29.8465,-80.9387,,,
Caretta,29.8457,-80.8707,,,
Caretta,31.0147,-81.2585,,,
Caretta,30.2644,-81.2818,,,
Caretta,31.0285,-80.3587,23,7,1998
Caretta,31.015,-80.9481,,,
Caretta,31.0143,-81.1124,,,
Caretta,30.1792,-80.7223,,,
Caretta,30.1798,-80.8079,,,
Caretta,30.5139,-81.3097,,,
Caretta,28.7617,-80.416,,,
Caretta,27.584,-80.2944,,,
Chelonia,24.5837,-82.3322,,,
Caretta,24.583,-82.9177,,,
Caretta,28.8463,-80.6993,,,
Caretta,28.7622,-80.5613,,,
Caretta,28.5122,-80.462,,,
Chelonia,24.5836,-82.3196,,,
Caretta,24.5832,-82.5241,,,
Caretta,27.5834,-80.2339,,,
Caretta,27.5834,-80.3153,,,
Caretta,29.5166,-80.8732,,,
Caretta,24.5836,-82.3458,,,
Caretta,29.5167,-80.8774,,,
Caretta,28.5118,-80.3379,,,
Caretta,28.5117,-80.4723,,,
Caretta,28.5123,-80.5187,,,
Caretta,24.7498,-80.7941,,,
Caretta,25.1664,-81.3732,,,
Caretta,24.7496,-80.9954,,,
Caretta,24.5838,-81.3098,,,
Caretta,29.7317,-80.9242,15,8,1998
Caretta,24.5834,-81.3009,,,
Caretta,24.7499,-81.296,,,
Caretta,25.1661,-81.556,,,
Caretta,24.5832,-81.3961,,,
Caretta,29.6802,-81.1621,,,
Caretta,29.80025,-80.3831,29,4,1984
Caretta,29.7342,-80.9183,15,8,1998
Caretta,29.7635,-80.6122,,,
Caretta,29.818,-80.7343,15,8,1998
Caretta,29.7643,-80.9388,,,
Caretta,29.6796,-81.1436,,,
Caretta,29.6796,-81.1134,,,
Caretta,29.932,-81.2732,,,
Caretta,30.51691,-80.27478,22,3,1984
Caretta,31.1815,-80.949,,,
Caretta,31.2645,-80.6363,,,
Caretta,30.9312,-81.2536,,,
Caretta,30.347,-81.1566,,,
Caretta,30.3472,-81.0465,,,
Caretta,30.6791,-81.2413,,,
Caretta,30.3475,-80.9886,,,
Caretta,30.3468,-80.8741,,,
Caretta,30.3478,-80.7595,,,
Caretta,30.347,-80.9028,,,
Caretta,30.5965,-80.7319,,,
Caretta,31.0982,-81.0904,,,
Caretta,31.0977,-80.515,,,
Caretta,31.0982,-80.9884,,,
Caretta,30.7642,-81.1074,,,
Caretta,30.7642,-81.0967,,,
Caretta,31.1795,-80.4651,,,
Caretta,28.8462,-80.7411,,,
Caretta,29.1798,-80.4762,,,
Caretta,29.3501,-80.9517,,,
Caretta,29.0128,-80.3735,,,
Caretta,29.0123,-80.471,,,
Caretta,28.8462,-80.4917,,,
Caretta,29.0125,-80.4357,,,
Caretta,29.0123,-80.453,,,
Caretta,28.8458,-80.4488,,,
Caretta,27.8334,-80.42,,,
Caretta,27.0836,-80.0571,,,
Caretta,29.0122,-80.4576,,,
Caretta,27.0833,-80.1054,,,
Caretta,29.5967,-80.8134,,,
Caretta,29.5967,-80.9406,,,
Caretta,29.597,-81.011,,,
Caretta,28.513,-80.5213,,,
Caretta,28.5123,-80.3881,,,
Caretta,28.5125,-80.4042,,,
Caretta,28.6787,-80.4996,,,
Caretta,29.5135,-80.4793,,,
Caretta,29.3468,-80.4637,,,
Caretta,29.6802,-81.1121,,,
Caretta,29.6796,-81.0923,,,
Caretta,29.68,-81.1276,,,
Caretta,29.1798,-80.6439,,,
Caretta,29.1802,-80.7527,,,
Caretta,29.8465,-80.8908,,,
Caretta,29.8467,-81.21,,,
Caretta,29.8463,-80.8257,,,
Caretta,29.8468,-81.1218,,,
Caretta,29.8467,-81.1072,,,
Caretta,29.8467,-81.1553,,,
Caretta,29.8475,-80.7484,,,
Caretta,30.6812,-81.1299,,,
Caretta,30.681,-81.3001,,,
Caretta,31.014,-81.0693,,,
Caretta,30.9307,-80.9576,,,
Caretta,31.0143,-81.1076,,,
Caretta,30.0133,-80.9936,,,
Caretta,30.013,-81.2561,,,
Caretta,30.932,-81.3138,,,
Caretta,31.014,-81.2971,,,
Caretta,30.8478,-81.2893,,,
Caretta,27.0002,-80.0739,,,
Caretta,27.0002,-80.0739,,,
Caretta,26.8338,-79.9961,,,
Caretta,28.7628,-80.6335,,,
Caretta,28.7669,-80.6702,,,
Caretta,28.7622,-80.5726,,,
Caretta,29.013,-80.3634,,,
Caretta,29.0972,-80.3792,,,
Caretta,28.0006,-80.389,,,
Caretta,27.9173,-80.4176,,,
Caretta,28.9287,-80.5511,,,
Caretta,28.1725,-80.1833,20,7,1998
Caretta,28.0007,-80.4791,,,
Lepidochelys,27.9166,-80.4631,,,
Caretta,29.0125,-80.4148,,,
Caretta,29.597,-80.9099,,,
Caretta,28.0008,-80.4497,,,
Caretta,28.0004,-80.3753,,,
Caretta,29.597,-80.6138,,,
Caretta,28.0013,-80.4064,,,
Caretta,29.5972,-80.5847,,,
Caretta,29.5968,-80.5532,,,
Caretta,29.7638,-80.645,,,
Caretta,29.6795,-80.7557,,,
Caretta,29.6802,-80.9836,,,
Caretta,29.6795,-80.8271,,,
Caretta,29.9303,-80.767,,,
Caretta,29.9303,-80.8227,,,
Caretta,29.9303,-81.1377,,,
Caretta,29.9303,-80.7682,,,
Caretta,29.931,-81.0716,,,
Caretta,29.931,-81.1036,,,
Caretta,31.2245,-81.0222,,,
Caretta,30.0127,-81.2085,,,
Caretta,30.431,-81.3288,,,
Caretta,30.8477,-81.1018,,,
Caretta,30.8473,-81.2922,,,
Caretta,30.5143,-81.3366,,,
Caretta,30.8467,-80.7893,,,
Caretta,30.514,-81.1635,,,
Caretta,30.512,-81.2873,,,
Caretta,30.5118,-81.3152,,,
Caretta,29.0164,-80.8234,,,
Caretta,27.0002,-80.0074,,,
Caretta,29.0155,-80.7812,,,
Caretta,29.015,-80.791,,,
Caretta,28.9288,-80.6943,,,
Caretta,28.93,-80.785,,,
Caretta,29.0168,-80.7136,,,
Caretta,29.4298,-80.7021,,,
Caretta,29.4293,-80.7929,,,
Caretta,29.0957,-80.6572,,,
Caretta,29.0957,-80.7387,,,
Caretta,29.0163,-80.7688,,,
Caretta,29.0962,-80.5615,,,
Caretta,28.9295,-80.4123,,,
Chelonia,28.767,-80.5979,,,
Caretta,28.9295,-80.4123,,,
Caretta,28.9293,-80.5599,,,
Caretta,29.096,-80.6144,,,
Caretta,29.4292,-80.7388,,,
Caretta,28.929,-80.5423,,,
Caretta,29.4297,-80.7217,,,
Caretta,28.8462,-80.5906,,,
Caretta,28.929,-80.5093,,,
Caretta,29.0962,-80.5699,,,
Caretta,28.9297,-80.5407,,,
Chelonia,24.6665,-82.3566,,,
Caretta,28.8467,-80.4908,,,
Caretta,28.8453,-80.3605,,,
Caretta,27.7496,-80.365,,,
Caretta,27.7496,-80.2855,,,
Caretta,27.75,-80.3501,,,
Caretta,27.7498,-80.3588,,,
Chelonia,29.5428,-80.3888,25,9,1999
Caretta,29.4293,-80.431,,,
Caretta,28.5973,-80.563,,,
Caretta,28.5963,-80.4492,,,
Caretta,28.6828,-80.5548,,,
Caretta,28.5957,-80.3627,,,
Caretta,29.429,-80.6441,,,
Caretta,28.5972,-80.5723,,,
Caretta,25.0836,-81.641,,,
Caretta,29.4302,-80.6642,,,
Caretta,25.0836,-81.6168,,,
Caretta,25.0836,-81.6168,,,
Caretta,25.0834,-81.0416,,,
Caretta,25.0836,-81.325,,,
Caretta,25.0834,-81.6065,,,
Caretta,25.0829,-81.659,,,
Caretta,25.0837,-81.6202,,,
Caretta,25.083,-81.6663,,,
Caretta,29.72525,-80.47477,20,3,1984
Caretta,29.75025,-80.46644,20,3,1984
Caretta,29.6807,-80.8187,,,
Caretta,29.681,-81.1752,,,
Caretta,31.3472,-81.027,,,
Caretta,30.2648,-81.1841,,,
Caretta,30.3468,-80.8592,,,
Caretta,30.3472,-81.1854,,,
Caretta,31.0988,-80.9883,,,
Caretta,30.2642,-80.9168,,,
Caretta,30.0972,-81.1072,,,
Caretta,30.2532,-80.4822,11,8,1999
Caretta,30.2638,-81.0447,,,
Caretta,30.2638,-81.3441,,,
Caretta,30.2638,-80.8346,,,
Caretta,30.2638,-81.2732,,,
Caretta,30.264,-80.9239,,,
Caretta,30.0975,-80.8909,,,
Caretta,30.0967,-81.2182,,,
Caretta,30.848,-81.1643,,,
Caretta,31.014,-81.3412,,,
Caretta,30.5142,-80.674,,,
Caretta,30.5147,-81.2756,,,
Caretta,30.5137,-80.7849,,,
Caretta,28.829109,-80.893379,8,8,2016
Caretta,26.596343,-82.067403,23,7,2016
Chelonia,29.945956,-81.227155,30,3,2016
Chelonia,28.549577,-80.697371,29,7,2015
Chelonia,26.7153,-80.0534,4,6,2016
Chelonia,26.7153,-80.0534,4,6,2016
Caretta,28.3341,-81.585,12,5,2016
Caretta,31.141688,-81.568616,3,4,2016
Chelonia,26.456,-78.5561,9,1,2016
Chelonia,28.421174,-80.790563,5,8,2015
Chelonia,25.0865,-80.4473,13,12,2015
Chelonia,25.659201,-80.303697,13,11,2015
Caretta,27.054168,-82.098737,,3,1979
Chelonia,26.895335,-81.981386,13,1,1984
Caretta,27.054152,-82.082411,,,1979
Chelonia,26.895335,-81.981386,13,1,1984
Caretta,26.981712,-82.213709,,,1983
Caretta,26.981712,-82.213709,,6,1982
Caretta,27.039598,-82.0823,,1,1979
Caretta,27.054152,-82.082411,,,
Caretta,27.054152,-82.082411,,,1979
Caretta,26.993356,-82.204867,,12,1974
Chelonia,27.054771,-82.229162,,,1975
Caretta,27.039829,-82.147528,,,1978
Caretta,27.054332,-82.131361,,8,1978
Caretta,26.981712,-82.213709,24,1,1984
Caretta,30.843639,-81.429138,16,7,1998
Caretta,30.843639,-81.429138,16,7,1998
Caretta,30.843639,-81.429138,16,7,1998
Caretta,30.843639,-81.429138,16,7,1998
Caretta,30.843639,-81.429138,16,7,1998
Caretta,30.843639,-81.429138,16,7,1998
Caretta,30.843639,-81.429138,16,7,1998
Caretta,30.843639,-81.429138,16,7,1998
Caretta,30.843639,-81.429138,16,7,1998
Caretta,30.843639,-81.429138,16,7,1998
Caretta,30.843639,-81.429138,16,7,1998
Caretta,30.843639,-81.429138,16,7,1998
Caretta,27.22952964105646,-80.18356082889703,20,8,1980
Caretta,30.326411169143576,-81.65939930137992,29,7,1971
Caretta,31.068496682162216,-81.4132957901356,,,
Caretta,27.22952964105646,-80.18356082889703,20,8,1980
Caretta,25.665889787658994,-80.1560584886395,8,8,1968
Caretta,25.665889787658994,-80.1560584886395,8,8,1968
,29.01,-82.65,24,5,1989
Chelonia,29.626863,-81.211707,24,7,2015
Caretta,28.3756,-81.5507,29,8,2015
Caretta,27.46689,-82.628109,19,7,2015
,27.64,-81.77,26,11,2012
,27.71,-81.93,,,
,27.8,-82.03,,,
,27.8,-82.03,,,
,27.8,-82.03,,,
,27.8,-82.03,,,
,27.8,-82.03,,,
,27.8,-82.03,,,
,27.8,-82.03,,,
,27.8,-82.03,,,
,27.8,-82.03,,,
,27.8,-82.03,,,
,27.8,-82.03,,,
,27.77,-81.95,,,
,27.77,-81.98,,,
,27.73,-82.09,,,
,27.86,-82.01,,,
,27.77,-81.95,,,
,27.86,-82.01,,,
,27.86,-82.01,,,
,27.77,-81.98,,,
,27.86,-82.01,,,
,27.73,-82.09,,,
,27.73,-82.09,,,
,27.69,-81.84,,,
,27.73,-82.09,,,
,27.71,-81.93,,,
,27.86,-82.01,,,
,27.73,-82.09,,,
,27.77,-81.88,,,
,27.86,-82.01,,,
,27.73,-82.09,,,
,27.73,-82.09,,,
,27.77,-81.98,,,
,27.73,-82.09,,,
,27.81,-81.85,,,
,27.73,-82.09,,,
,27.73,-82.09,,,
,27.71,-81.93,,,
,27.81,-81.85,,,
,27.73,-82.09,,,
,27.77,-81.98,,,
,27.73,-82.09,,,
,27.73,-82.09,,,
,27.73,-82.09,,,
,27.71,-81.93,,,
,27.77,-81.88,,,
,27.73,-82.09,,,
,27.71,-81.93,,,
,27.73,-82.09,,,
,27.73,-82.09,,,
,27.73,-82.09,,,
,27.77,-81.88,,,
,27.75,-81.96,12,1,1990
,27.71,-81.93,,,
,27.73,-82.09,,,
Caretta,27.71,-81.93,,,
,27.73,-82.09,,,
,27.81,-81.85,,,
Lepidochelys,27.73,-82.09,,,
,27.71,-81.93,,,
,27.71,-81.93,,,
,27.71,-81.93,,,
,27.71,-81.93,,,
,27.71,-81.93,,,
,27.71,-81.93,,,
,27.71,-81.93,,,
,27.71,-81.93,,,
,27.71,-81.93,,,
,27.67,-81.91,,,
,27.67,-81.91,,,
,27.67,-81.91,,,
,27.71,-81.93,,,
,27.71,-81.93,,,
,27.71,-81.93,,,
,27.71,-81.93,,,
,27.71,-81.93,,,
,27.67,-81.91,,,
,27.71,-81.93,,,
,27.71,-81.93,,,
,27.71,-81.93,,,
,27.73,-82.09,,,
,27.71,-81.93,,,
,27.71,-81.93,,,
,27.71,-81.93,,,
,27.71,-81.93,,,
,27.71,-81.93,,,
,27.71,-81.93,,,
,27.71,-81.93,,,
,27.73,-82.09,,,
,27.77,-81.95,25,3,1985
,27.77,-81.95,25,3,1985
,27.71,-81.93,,,
,27.71,-81.93,,,
,27.69,-81.84,,,
,27.7,-82,26,3,1983
,27.77,-81.95,,,
,27.7,-82.01,,,
,27.7,-82,,,
,27.7,-82,,,
,27.7,-82,,,
,27.7,-82,,,
,27.65,-81.86,,,
,27.69,-81.84,,,
,27.77,-81.95,,,
,27.7,-82.01,,,
,27.77,-81.95,,,
,27.7,-82,,,
,27.7,-82,,,
,27.7,-82,,,
,27.77,-81.95,,,
,27.7,-82,,,
,27.77,-81.95,,,
,27.7,-82,26,3,1983
,27.7,-82,,,
,27.65,-81.86,,,
,27.64,-82,,,
,27.7,-82.01,,,
,27.7,-82.01,,,
,27.7,-82,,,
,27.7,-82.01,,,
,27.7,-82,,,
,27.67,-81.91,,,
,27.67,-81.91,,,
,27.67,-81.91,,,
,27.67,-81.91,,,
,27.67,-81.91,,,
,27.67,-81.91,,,
,27.71,-81.93,,,
,27.67,-81.91,,,
,27.67,-81.91,,,
,27.67,-81.91,,,
,27.77,-81.88,,,
,27.7,-82.01,,,
,27.67,-81.91,,,
,27.67,-81.91,,,
,27.67,-81.91,,,
,27.71,-81.93,,,
,27.67,-81.91,,,
,27.67,-81.91,,,
,27.67,-81.91,,,
,27.67,-81.91,,,
,27.77,-81.88,,,
,27.67,-81.91,,,
,27.67,-81.91,,,
,27.77,-81.88,,,
,27.67,-81.91,,,
,27.77,-81.88,,,
,27.7,-82.01,,,
,27.67,-81.91,,,
,27.77,-81.88,,,
,27.77,-81.88,,,
,27.71,-81.93,,,
,27.71,-81.93,,,
,27.77,-81.88,,,
,27.67,-81.91,,,
,27.71,-81.93,,,
,27.71,-81.93,,,
,27.71,-81.93,,,
,27.71,-81.93,,,
,27.71,-81.93,,,
,27.71,-81.93,,,
,27.71,-81.93,,,
,27.71,-81.93,,,
,27.71,-81.93,,,
,27.71,-81.93,,,
,27.71,-81.93,,,
,27.71,-81.93,,,
,27.71,-81.93,,,
,27.71,-81.93,,,
,27.71,-81.93,,,
,27.71,-81.93,,,
,27.71,-81.93,,,
,27.71,-81.93,,,
,27.71,-81.93,,,
,27.71,-81.93,,,
,27.71,-81.93,,,
,27.71,-81.93,,,
,27.71,-81.93,,,
,27.71,-81.93,,,
,27.75,-81.96,,,
,27.71,-81.93,,,
,27.71,-81.93,,,
,27.75,-81.96,,,
,27.75,-81.96,,,
,27.77,-81.88,,,
,27.75,-81.96,,,
,27.71,-81.93,,,
,27.75,-81.96,,,
,27.71,-81.93,,,
,27.75,-81.96,,,
,27.75,-81.96,,,
,27.71,-81.93,,,
,27.75,-81.96,,,
,27.7,-82,26,3,1983
,27.71,-81.93,,,
,27.77,-81.88,,,
,27.71,-81.93,,,
,27.71,-81.93,,,
,27.7,-82,26,3,1983
,27.71,-81.93,,,
,27.71,-81.93,,,
,27.7,-82,26,3,1983
,27.71,-81.93,,,
,27.77,-81.88,,,
,27.71,-81.93,,,
,27.75,-81.96,,,
,27.71,-81.93,,,
,27.83,-81.93,,,
,27.67,-81.89,,,
,27.71,-81.93,,,
,27.69,-81.84,,,
,27.73,-82.09,,,
,27.7,-82.01,,,
,27.7,-82.01,,,
,27.71,-81.93,,,
,27.7,-82.01,,,
,27.71,-81.93,,,
,27.7,-82.01,,,
,27.7,-82.01,,,
,27.71,-81.93,,,
,27.7,-82.01,,,
,27.71,-81.93,,,
,27.7,-82.01,,,
,27.71,-81.93,,,
,27.71,-81.93,,,
,27.71,-81.93,,,
,27.78,-82.03,27,4,1967
,27.8,-82.03,,,
,27.78,-82.03,,,
,27.78,-82.03,,,
,27.71,-81.93,,,
,27.71,-81.93,,,
,27.71,-81.93,,,
,27.67,-81.91,18,7,1974
,27.71,-81.93,,,
,27.73,-82.09,25,6,1970
,27.71,-81.93,,,
,27.71,-81.93,,,
,27.71,-81.93,,,
,27.71,-81.93,,,
,27.71,-81.93,,,
,27.71,-81.93,,,
,27.71,-81.93,,,
,27.71,-81.93,,,
,27.71,-81.93,,,
,27.71,-81.93,,,
,27.71,-81.93,,,
,27.71,-81.93,,,
,27.71,-81.93,,,
,27.71,-81.93,,,
,27.71,-81.93,,,
,27.71,-81.93,,,
,27.71,-81.93,,,
,27.71,-81.93,,,
,27.71,-81.93,,,
,27.71,-81.93,,,
,27.71,-81.93,,,
,27.71,-81.93,,,
,27.71,-81.93,,,
,27.71,-81.93,,,
,27.71,-81.93,,,
,27.71,-81.93,,,
,27.73,-82.09,25,6,1970
,27.73,-82.09,25,6,1970
,27.71,-81.93,,,
,27.73,-82.09,25,6,1970
,27.73,-82.09,25,6,1970
,27.71,-81.93,,,
,27.73,-82.09,25,6,1970
,27.73,-82.09,,,
,27.73,-82.09,25,6,1970
,27.73,-82.09,25,6,1970
,27.73,-82.09,25,6,1970
,27.71,-81.93,,,
,27.73,-82.09,25,6,1970
,27.73,-82.09,25,6,1970
,27.67,-81.91,,,
,27.73,-82.09,25,6,1970
,27.73,-82.09,25,6,1970
,27.73,-82.09,25,6,1970
,27.73,-82.09,25,6,1970
,27.73,-82.09,25,6,1970
,27.73,-82.09,,,
,27.73,-82.09,25,6,1970
,27.73,-82.09,25,6,1970
,27.73,-82.09,25,6,1970
,27.71,-81.93,,,
,27.73,-82.09,25,6,1970
,27.71,-81.93,,,
,27.71,-81.93,,,
,27.73,-82.09,25,6,1970
,27.71,-81.93,,,
,27.67,-81.89,,,
,27.67,-81.89,25,6,1970
,27.73,-82.09,25,6,1970
,27.73,-82.09,25,6,1970
,27.67,-81.89,25,6,1970
,27.67,-81.89,25,6,1970
,27.67,-81.89,25,6,1970
,27.73,-82.09,25,6,1970
,27.71,-81.93,,,
,27.67,-81.91,,,
,27.7,-82.01,,,
,27.71,-81.93,,,
,27.73,-82.09,25,6,1970
,27.67,-81.89,25,6,1970
,27.73,-82.09,25,6,1970
,27.73,-82.09,25,6,1970
,27.71,-81.93,,,
,27.67,-81.89,,,
,27.73,-82.09,25,6,1970
,27.7,-82.01,,,
,27.7,-82.01,,,
,27.71,-81.93,,,
,27.73,-82.09,25,6,1970
,27.71,-81.93,,,
,27.7,-82.01,,,
,27.71,-81.93,,,
,27.78,-82.03,,,
,27.67,-81.91,,,
,27.7,-82.01,,,
,27.7,-82.01,,,
,27.83,-81.93,,,
,27.83,-81.93,,,
,27.83,-81.93,,,
,27.83,-81.93,,,
,27.83,-81.93,,,
,27.83,-81.93,,,
,27.83,-81.93,,,
,27.83,-81.93,,,
,27.83,-81.93,,,
,27.83,-82.81,10,11,2012
,29.69,-81.52,20,3,2011
,27.37,-82.39,14,4,2010
Syllomus,29.73,-82.51,,,
,27.62,-82.2,5,10,2006
Caretta,30.24,-81.38,,,
,27.62,-82.2,3,10,2006
,27.62,-82.2,19,5,2007
,27.62,-82.2,3,10,2006
,27.65,-82.18,8,7,2007
,27.65,-82.18,8,7,2007
,27.65,-82.18,8,7,2007
,27.54,-82.06,,,
,27.54,-82.06,31,10,2006
,27.54,-82.06,6,10,2006
,27.54,-82.06,6,10,2006
,27.54,-82.06,6,10,2006
Caretta,27.54,-82.06,15,9,2006
,27.54,-82.06,31,10,2006
,27.54,-82.06,10,2,2007
Chelonia,27.54,-82.06,12,5,2007
,27.62,-82.2,,,
Chelonia,27.62,-82.2,,,
,27.62,-82.2,,,
Chelonia,27.62,-82.2,,,
Chelonia,27.62,-82.2,,,
,27.62,-82.2,,,
,27.62,-82.2,,,
,27.62,-82.2,,,
Chelonia,27.62,-82.2,,,
,27.78,-82.03,,,
Chelonia,27.78,-82.03,,,
,27.78,-82.03,,,
Chelonia,27.78,-82.03,,,
,27.78,-82.03,,,
,27.78,-82.03,,,
,27.78,-82.03,,,
,27.78,-82.03,,,
Caretta,27.84,-82,20,7,1967
,27.62,-82.2,30,10,2005
,27.62,-82.2,,,
,27.54,-82.06,,,
,27.54,-82.03,5,3,2005
,27.54,-82.03,,,
,27.54,-82.03,5,3,2005
,27.54,-82.03,20,6,2005
,27.54,-82.03,,,
,27.54,-82.03,,,
,27.54,-82.03,,,
,30.29,-81.39,,,
,30.69,-81.43,,,
,27.75,-81.96,8,1,1990
,27.75,-81.96,8,1,1990
,27.75,-81.96,8,1,1990
,27.75,-81.96,8,1,1990
Chelonia,27.75,-81.96,8,1,1990
,27.75,-81.96,8,1,1990
,27.54,-82.03,,,
,27.54,-82.03,,,
,27.54,-82.03,,,
,27.54,-82.03,7,11,2004
,27.54,-82.03,,,
,27.54,-82.03,21,11,2003
,27.54,-82.03,,,
,27.54,-82.03,,,
,27.54,-82.03,,,
,27.54,-82.03,,,
,27.54,-82.03,,,
,27.54,-82.03,,,
,27.54,-82.03,,,
,27.54,-82.03,,,
,27.54,-82.03,,,
,27.54,-82.03,,,
,27.54,-82.03,,,
Caretta,27.54,-82.03,,,
Chelonia,27.54,-82.03,,,
,27.54,-82.03,,,
Chelonia,30.66,-84.5,,,
,27.57,-81.91,,,
,27.8,-82.03,,,
,27.8,-82.03,,,
Chelonia,27.8,-82.03,,,
,27.54,-82.03,,,
Chelonia,27.54,-82.03,,,
,27.54,-82.03,,,
,27.54,-82.03,,,
,27.54,-82.03,,,
,27.54,-82.03,1,5,2003
,27.54,-82.03,,,
,27.54,-82.03,,,
,27.54,-82.03,1,5,2003
,27.54,-82.03,,,
,27.54,-82.03,,,
Chelonia,27.54,-82.03,,,
,27.54,-82.03,,,
,27.54,-82.03,,,
,27.54,-82.03,,,
,27.54,-82.03,,,
,27.54,-82.03,,,
,27.67,-82.13,,,
,27.54,-82.03,,,
Chelonia,27.67,-82.13,,,
Chelonia,27.67,-82.13,,,
,27.67,-82.13,,,
,27.57,-81.91,,,
Chelonia,27.54,-82.03,,,
,27.67,-82.13,,,
,27.67,-82.13,,,
Lepidochelys,27.8,-82.03,26,4,1980
,27.7,-82,26,4,1980
,27.71,-82.12,,,
,27.69,-81.84,,,
Chelonia,27.37,-82.44,20,10,1992
,27.69,-82.5,,,
Caretta,27.83,-80.81,5,5,1993
Caretta,27.83,-80.81,5,5,1993
,30.05,-84.07,,,
,27.75,-81.96,,,
,27.77,-81.95,,,
,27.77,-81.95,,,
,27.77,-81.95,,,
Chelonia,27.77,-81.95,,,
,27.69,-81.91,,,
,27.77,-81.95,,,
,27.76,-82.05,,,
Lepidochelys,27.7,-82.5,,,
,27.7,-82,,,
,27.71,-81.93,,,
,27.71,-81.93,,,
,27.71,-81.93,,,
,27.71,-81.93,,,
,27.71,-81.93,,,
,27.71,-81.93,,,
,27.71,-81.93,,,
,27.71,-81.93,,,
,27.71,-81.93,,,
,27.71,-81.93,,,
,27.71,-81.93,,,
,27.71,-81.93,,,
,27.71,-81.93,,,
,27.71,-81.93,,,
,27.71,-81.93,,,
Chelonia,27.71,-81.93,,,
Chelonia,27.71,-81.93,,,
,27.71,-81.93,,,
,27.71,-81.93,,,
,27.71,-81.93,,,
,27.71,-81.93,,,
,27.71,-81.93,,,
,27.71,-81.93,,,
,27.71,-81.93,,,
,27.71,-81.93,,,
Chelonia,27.71,-81.93,,,
,27.71,-81.93,,,
,27.71,-81.93,,,
,27.71,-81.93,,,
,27.71,-81.93,,,
,27.71,-81.93,,,
,27.71,-81.93,,,
,27.71,-81.93,,,
,27.71,-81.93,,,
,27.71,-81.93,,,
,27.71,-81.93,,,
,27.71,-81.93,,,
,27.71,-81.93,,,
,27.71,-81.93,,,
,27.71,-81.93,,,
,27.71,-81.93,,,
,27.71,-81.93,,,
,27.71,-81.93,,,
Chelonia,27.71,-81.93,,,
,27.71,-81.93,,,
Chelonia,27.71,-81.93,,,
,27.71,-81.93,,,
Chelonia,27.71,-81.93,,,
,27.71,-81.93,,,
,27.71,-81.93,,,
,27.71,-81.93,,,
Chelonia,27.71,-81.93,,,
,27.71,-81.93,,,
,27.71,-81.93,,,
Chelonia,27.67,-81.91,,,
Chelonia,27.71,-81.93,,,
,27.71,-81.93,,,
,27.71,-81.93,,,
,27.71,-81.93,,,
,27.71,-81.93,,,
,27.71,-81.93,,,
Chelonia,27.71,-81.93,,,
Chelonia,27.71,-81.93,,,
,27.71,-81.93,,,
Chelonia,27.71,-81.93,,,
Chelonia,27.71,-81.93,,,
Chelonia,27.71,-81.93,,,
,27.71,-81.93,,,
,27.71,-81.93,,,
,27.71,-81.93,,,
,27.67,-81.91,,,
Chelonia,27.71,-81.93,,,
,27.71,-81.93,,,
,27.71,-81.93,,,
,27.71,-81.93,,,
,27.71,-81.93,,,
,27.71,-81.93,,,
,27.71,-81.93,,,
,27.67,-81.91,,,
,27.71,-81.93,,,
,27.67,-81.91,,,
,27.71,-81.93,,,
,27.71,-81.93,,,
Chelonia,27.67,-81.91,,,
,27.71,-81.93,,,
,27.67,-81.91,,,
,27.67,-81.91,,,
,27.71,-81.93,,,
,27.71,-81.93,,,
,27.71,-81.93,,,
,27.77,-81.98,,,
,27.67,-81.91,,,
,27.71,-81.93,,,
,27.71,-81.93,,,
,27.67,-81.91,,,
,27.71,-81.93,,,
,27.71,-81.93,,,
,27.67,-81.91,,,
Chelonia,27.71,-81.93,,,
Chelonia,27.71,-82.12,,,
,27.67,-81.91,,,
Chelonia,27.67,-81.91,,,
,27.71,-81.93,30,3,1972
,27.8,-82.03,,,
Chelonia,27.67,-81.91,,,
,27.71,-81.93,,,
,27.77,-81.88,,,
,27.77,-81.88,,,
,27.67,-81.91,,,
Chelonia,27.77,-81.88,,,
Chelonia,27.67,-81.91,,,
Chelonia,27.77,-81.98,,,
Chelonia,27.67,-81.91,,,
,27.77,-81.98,,,
Chelonia,27.67,-81.91,,,
Chelonia,27.67,-81.91,,,
Chelonia,27.67,-81.91,,,
,27.67,-81.91,,,
,27.77,-81.88,,,
,27.77,-81.88,,,
,27.67,-81.91,,,
Chelonia,27.83,-81.93,,,
Chelonia,27.71,-81.93,,,
Chelonia,27.67,-81.91,,,
,27.71,-81.93,30,3,1972
,27.7,-82.01,,,
,27.67,-81.91,,,
Chelonia,27.77,-81.98,,,
,27.71,-82.12,,,
Chelonia,27.7,-82.01,,,
,27.77,-81.95,,,
Chelonia,27.77,-81.88,,,
Chelonia,27.8,-82.03,,,
,27.77,-81.88,,,
,27.77,-81.88,,,
,27.77,-81.98,,,
Chelonia,27.83,-81.93,,,
,27.83,-81.93,,,
,27.77,-81.88,,,
,27.67,-81.91,,,
,27.7,-82.01,,,
,27.77,-81.88,,,
Chelonia,27.67,-81.91,,,
Chelonia,27.77,-81.95,,,
,27.67,-81.91,,,
Chelonia,27.7,-82.01,,,
Chelonia,27.83,-81.93,,,
,27.7,-82.01,,,
Chelonia,27.83,-81.93,,,
Chelonia,27.7,-82.01,,,
Caretta,27.75,-81.96,20,1,1990
Chelonia,27.75,-81.96,20,1,1990
,30.43,-82.73,27,12,1974
,30.46,-82.75,9,4,1988
,29.87,-81.35,,,
,27.65,-81.86,,,
,27.7,-82,,,
Eretmochelys,27.7,-82,,,
Caretta,27.8,-81.96,,,
Chelonia,27.71,-82.12,,,
Caretta,27.7,-82,,,
,29.01,-82.65,,,
,29.01,-82.65,28,10,1988
Chelonia,27.7,-82.01,,,
Chelonia,27.7,-82.01,,,
,26.39,-81.36,,,
,26.39,-81.36,,,
,26.39,-81.36,,,
,26.39,-81.36,,,
,26.39,-81.36,,,
Chelonia,30.7,-84.54,10,10,1987
Chelonia,30.7,-84.54,,,
,27.65,-81.86,10,5,1986
,27.65,-81.86,10,5,1986
Chelonia,27.65,-81.86,10,5,1986
,27.65,-81.86,10,5,1986
,27.65,-81.86,10,5,1986
,27.65,-81.86,10,5,1986
,27.71,-82.12,17,4,1987
,27.71,-82.12,17,4,1987
,27.64,-81.93,,,
,27.64,-81.93,,,
Chelonia,27.64,-81.93,,,
Chelonia,27.64,-81.93,,,
Chelonia,27.64,-81.93,,,
,27.7,-82,,,
Chelonia,27.7,-82,,,
Eretmochelys,27.7,-82,,,
Eretmochelys,27.7,-82,,,
Caretta,27.7,-82,,,
Caretta,27.71,-82.12,,,
Chelonia,27.71,-82.12,,,
,27.65,-81.86,,,
,27.65,-81.86,,,
,27.65,-81.86,,,
Eretmochelys,27.65,-81.86,,,
,27.65,-81.86,,,
,27.65,-81.86,,,
,27.65,-81.86,,,
,27.65,-81.86,,,
,27.65,-81.86,,,
,27.65,-81.86,,,
,27.65,-81.86,,,
,27.65,-81.86,,,
,27.65,-81.86,,,
,27.65,-81.86,,,
Caretta,27.65,-81.86,,,
,27.65,-81.86,,,
,27.65,-81.86,,,
Chelonia,27.65,-81.86,,,
,27.65,-81.86,,,
Eretmochelys,27.65,-81.86,,,
Chelonia,27.65,-81.86,,,
Caretta,27.65,-81.86,,,
Chelonia,27.65,-81.86,,,
Chelonia,27.36,-82.45,30,10,1986
Chelonia,27.36,-82.45,30,10,1986
Chelonia,27.37,-82.45,31,10,1986
Chelonia,27.37,-82.45,27,6,1986
Chelonia,30.66,-84.45,27,9,1987
Chelonia,27.37,-82.45,29,5,1986
,27.65,-81.86,24,9,1986
,27.65,-81.86,24,9,1986
,27.65,-81.86,24,9,1986
,27.65,-81.86,24,9,1986
,27.65,-81.86,24,9,1986
,27.65,-81.86,24,9,1986
,27.65,-81.86,24,9,1986
,27.65,-81.86,24,9,1986
,27.65,-81.86,24,9,1986
,27.65,-81.86,24,9,1986
,27.65,-81.86,24,9,1986
,27.65,-81.86,24,9,1986
,27.65,-81.86,24,9,1986
,27.65,-81.86,24,9,1986
,27.65,-81.86,24,9,1986
,27.65,-81.86,24,9,1986
,27.65,-81.86,24,9,1986
,27.65,-81.86,24,9,1986
,27.65,-81.86,24,9,1986
,27.65,-81.86,24,9,1986
,27.66,-81.85,,,
,27.66,-81.85,,,
,27.66,-81.85,,,
Caretta,27.69,-81.84,24,9,1986
,27.71,-82.12,,,
,29.67,-82.34,27,2,1966
,29.67,-82.34,,,
,27.65,-81.86,,,
,27.65,-81.86,26,8,1985
,27.65,-81.86,26,8,1985
,27.65,-81.86,,,
,27.65,-81.86,26,8,1985
,29.84,-82.68,,,
,27.69,-81.84,,,
,27.69,-81.84,,,
,27.69,-81.84,,,
,27.69,-81.84,,,
,27.69,-81.84,,,
,27.69,-82.5,,,
,27.37,-82.45,,,
,30.09,-83.24,29,7,1984
Chelonia,27.7,-82,,,
,27.65,-81.86,,,
,27.65,-81.86,,,
,27.65,-81.86,,,
,27.65,-81.86,,,
,27.66,-81.85,,,
,27.7,-82,,,
,27.77,-81.98,,,
,27.77,-81.98,,,
,27.77,-81.98,,,
Chelonia,27.7,-82,,,
,27.7,-82,,,
,27.7,-82,,,
,27.77,-81.98,,,
,27.97,-82.73,,,
,27.48,-82.38,25,2,1984
,27.7,-82,20,8,1983
,27.7,-82,20,8,1983
,30.09,-83.24,,,
Chelonia,27.7,-82,,,
,27.77,-81.95,,,
,27.7,-82,,,
Lepidochelys,27.76,-81.82,,,
,27.69,-81.84,,,
,27.69,-81.84,,,
,27.69,-81.84,,,
,27.7,-82,,,
,27.7,-82,18,5,1983
,27.7,-82,,,
,27.7,-82,18,5,1983
,27.7,-82,26,3,1983
,27.7,-82,26,3,1983
,27.7,-82,,,
,27.7,-82,,,
,27.77,-81.88,,,
,27.77,-81.88,,,
,27.86,-82.01,,,
,27.86,-82.01,,,
Lepidochelys,27.7,-82.01,,,
,27.77,-81.95,,,
,27.77,-81.98,,,
,27.77,-81.98,,,
,27.86,-82.01,,,
,27.86,-82.01,,,
,27.8,-82.03,,,
,29.3,-82.73,,,
,27.73,-82.09,,,
,27.83,-81.93,,,
,27.83,-81.93,,,
,27.83,-81.93,,,
,27.83,-81.93,,,
,27.83,-81.93,,,
,27.83,-81.93,,,
,27.83,-81.93,,,
,27.83,-81.93,,,
,27.83,-81.93,,,
,27.83,-81.93,,,
,27.83,-81.93,,,
,27.83,-81.93,,,
,27.83,-81.93,,,
,27.83,-81.93,,,
,27.71,-81.93,,,
,27.71,-81.93,,,
,27.71,-81.93,,,
,27.71,-81.93,,,
,27.67,-81.91,,,
,27.67,-81.91,,,
,27.67,-81.91,,,
,27.67,-81.89,,,
,27.67,-81.91,,,
,27.77,-81.88,,,
,27.8,-82.03,,,
,27.77,-81.88,,,
,27.71,-81.93,,,
,27.71,-81.93,,,
,27.67,-81.89,,,
,27.71,-81.93,,,
,27.71,-81.93,,,
,27.71,-81.93,,,
,27.71,-81.93,,,
,27.71,-81.93,,,
,27.71,-81.93,,,
,27.71,-81.93,,,
,27.71,-81.93,,,
Lepidochelys,27.78,-82.03,,,
,27.71,-81.93,,,
,27.71,-81.93,,,
,27.71,-81.93,,,
,27.71,-81.93,,,
Lepidochelys,27.71,-81.93,,,
,27.71,-81.93,,,
,27.71,-81.93,,,
,27.71,-81.93,,,
,27.71,-81.93,,,
,27.71,-81.93,,,
,27.71,-81.93,,,
,27.71,-81.93,,,
,27.71,-81.93,,,
,27.71,-81.93,,,
,27.71,-81.93,,,
,27.67,-81.91,,,
Chelonia,27.71,-81.93,,,
,27.71,-81.93,,,
Chelonia,27.8,-82.03,,,
,27.71,-81.93,,,
Lepidochelys,27.8,-82.03,,,
Chelonia,27.71,-81.93,,,
,27.71,-81.93,,,
Chelonia,27.71,-81.93,,,
Caretta,27.71,-81.93,,,
,27.71,-81.93,,,
,27.71,-81.93,,,
,27.71,-81.93,,,
Chelonia,27.71,-81.93,,,
,27.71,-81.93,,,
,27.71,-81.93,,,
Chelonia,27.71,-81.93,,,
,27.67,-81.91,,,
,27.71,-81.93,,,
Chelonia,27.71,-81.93,,,
Caretta,27.71,-81.93,,,
,27.71,-81.93,,,
,27.71,-81.93,,,
,27.71,-81.93,,,
,27.71,-81.93,,,
,27.71,-81.93,,,
,27.71,-81.93,,,
Chelonia,27.67,-81.91,,,
,27.67,-81.91,,,
,27.71,-81.93,,,
Lepidochelys,27.67,-81.91,,,
,27.71,-81.93,,,
,27.71,-81.93,,,
,27.71,-81.93,,,
,27.67,-81.91,,,
,27.71,-81.93,,,
Chelonia,27.67,-81.91,,,
,27.71,-81.93,,,
,27.67,-81.91,,,
,27.67,-81.91,,,
,27.67,-81.91,,,
,27.67,-81.91,,,
,27.67,-81.91,,,
,27.67,-81.91,,,
Chelonia,27.67,-81.91,,,
,27.67,-81.91,,,
,27.67,-81.91,,,
Chelonia,27.67,-81.91,,,
,27.67,-81.91,,,
,27.67,-81.91,,,
,27.67,-81.91,,,
,27.67,-81.91,,,
,27.67,-81.91,,,
,27.67,-81.91,,,
,27.67,-81.91,,,
,27.67,-81.91,,,
,27.8,-82.03,,,
,27.83,-81.93,,,
,27.67,-81.91,,,
,27.71,-81.93,,,
,27.71,-81.93,,,
,27.67,-81.91,,,
,27.83,-81.93,,,
,27.83,-81.93,,,
,27.67,-81.91,,,
,27.8,-82.03,,,
,27.67,-81.91,,,
,27.67,-81.91,,,
,27.67,-81.91,,,
,27.67,-81.91,,,
,27.8,-82.03,,,
,27.8,-82.03,,,
,27.8,-82.03,,,
,27.8,-82.03,,,
,27.8,-82.03,,,
,27.8,-82.03,,,
,27.8,-82.03,,,
,27.8,-82.03,,,
,27.67,-81.91,,,
,27.8,-82.03,,,
,27.67,-81.91,,,
,27.67,-81.91,,,
,27.67,-81.91,,,
,27.8,-82.03,,,
,27.67,-81.91,,,
,27.67,-81.91,,,
,27.67,-81.91,,,
,27.67,-81.91,,,
,27.67,-81.91,,,
,27.67,-81.91,,,
,27.67,-81.91,,,
,27.67,-81.91,,,
,27.67,-81.91,,,
,27.67,-81.91,,,
,27.67,-81.91,,,
,27.67,-81.91,,,
,27.67,-81.91,,,
,27.67,-81.91,,,
,27.67,-81.91,,,
,27.67,-81.91,,,
,27.67,-81.91,,,
,27.67,-81.91,,,
,27.67,-81.91,,,
,27.67,-81.91,,,
,27.67,-81.91,,,
,27.67,-81.91,,,
,27.67,-81.91,,,
,27.71,-81.93,,,
,27.67,-81.91,,,
,27.71,-81.93,,,
,27.71,-81.93,,,
,27.71,-81.93,,,
,27.67,-81.91,,,
,27.67,-81.91,,,
,27.71,-81.93,,,
,27.67,-81.91,,,
,27.75,-81.95,,,
,27.71,-81.93,,,
,27.71,-81.93,,,
,27.71,-81.93,,,
,27.78,-82.03,,,
,27.71,-81.93,,,
,27.69,-81.84,,,
,27.71,-81.93,,,
,27.71,-81.93,,,
,27.69,-81.84,,,
,27.71,-81.93,,,
,27.67,-81.91,,,
,27.67,-81.89,,,
,27.71,-81.93,,,
,27.71,-81.93,,,
,27.67,-81.91,,,
,27.71,-81.93,,,
,27.7,-82.01,,,
,27.67,-81.89,,,
,27.67,-81.89,,,
,27.67,-81.89,,,
,27.67,-81.89,,,
,27.71,-81.93,,,
,27.71,-81.93,,,
,27.67,-81.91,,,
,27.69,-81.84,,,
,27.67,-81.89,,,
,27.71,-81.93,,,
,27.67,-81.89,,,
,27.7,-82.01,,,
Chelonia,27.67,-81.89,,,
Chelonia,27.71,-81.93,,,
,27.67,-81.89,,,
,27.67,-81.89,,,
,27.71,-81.93,,,
,27.71,-81.93,,,
,27.71,-81.93,,,
,27.71,-81.93,,,
,27.71,-81.93,,,
Lepidochelys,27.71,-81.93,,,
,27.71,-81.93,,,
,27.71,-81.93,,,
,27.71,-81.93,,,
,27.71,-81.93,,,
,27.71,-81.93,,,
,27.71,-81.93,,,
,27.71,-81.93,,,
,27.71,-81.93,,,
,27.71,-81.93,,,
,27.71,-81.93,,,
,27.71,-81.93,,,
,27.71,-81.93,,,
,27.71,-81.93,,,
,27.71,-81.93,,,
,27.71,-81.93,,,
,27.71,-81.93,,,
,27.71,-81.93,,,
,27.67,-81.91,,,
,27.67,-81.89,,,
,27.67,-81.91,,,
,27.67,-81.89,,,
,27.71,-81.93,,,
,27.71,-81.93,,,
,27.71,-81.93,,,
,27.67,-81.91,,,
,27.67,-81.91,,,
,27.67,-81.91,,,
,27.67,-81.91,,,
,27.67,-81.91,,,
,27.67,-81.91,,,
,27.67,-81.91,,,
,27.67,-81.91,,,
,27.67,-81.91,,,
,27.67,-81.91,,,
,27.67,-81.91,,,
,27.67,-81.91,,,
,27.67,-81.91,,,
,27.67,-81.91,,,
,27.67,-81.91,,,
,27.67,-81.91,,,
,27.67,-81.91,,,
,27.67,-81.91,,,
,27.67,-81.91,,,
,27.67,-81.91,,,
,27.67,-81.91,,,
,27.67,-81.91,,,
,27.67,-81.91,,,
,27.71,-81.93,,,
,27.71,-81.93,,,
,27.67,-81.91,,,
,27.67,-81.91,,,
,27.67,-81.91,,,
,27.71,-81.93,,,
,27.71,-81.93,,,
,27.71,-81.93,,,
,27.67,-81.91,,,
,27.67,-81.91,,,
,27.67,-81.91,,,
,27.71,-81.93,,,
,27.71,-81.93,,,
,27.71,-81.93,,,
,27.71,-81.93,,,
,27.71,-81.93,,,
,27.71,-81.93,,,
,27.67,-81.91,,,
,27.71,-81.93,,,
,27.71,-81.93,,,
,27.5,-82.35,,,
,27.75,-81.95,,,
,27.35,-82.37,,,
,27.92,-82,,,
Caretta,27.63,-80.39,,,
Chelonia,27.63,-80.39,,,
,28.08,-80.73,26,6,1956
Caretta,25.0708,-80.4246,6,6,2015
Caretta,25.0708,-80.4246,4,6,2015
Caretta,25.0527,-80.3337,5,6,2015
Caretta,25.1446,-80.2566,15,8,2014
Caretta,25.0524,-80.3323,31,10,2014
Eretmochelys,24.715434,-81.199894,2,6,2015
Eretmochelys,28.83333,-82.61667,,,1881
Caretta,24.55,-82,,,1864
Chelonia,25.0865,-80.4473,16,3,2015
Caretta,24.55607,-81.77767,,,
Chelonia,27.22236,-80.17857,,,
Caretta,26.4475,-82.1134,16,9,1958
Chelonia,26.1224,-80.1373,31,12,2014
Chelonia,26.189,-80.0947,30,12,2014
Caretta,26.5272,-82.195,27,7,1938
Caretta,24.6647,-82.8556,,7,1914
Caretta,24.6647,-82.8556,,7,1914
Eretmochelys,24.6647,-82.8556,,,
Caretta,26.6039,-82.1714,,,
Eretmochelys,24.5542,-81.7917,,,
Caretta,24.6647,-82.8556,,7,1914
Caretta,24.6647,-82.8556,,7,1914
Caretta,24.6647,-82.8556,,,
Caretta,26.6039,-82.1714,,,
Chelonia,28.434445,-80.794037,7,10,2014
Chelonia,26.703,-80.017,13,9,2014
Chelonia,26.9485,-80.0845,6,7,2014
Caretta,28.3754,-81.551,31,8,2013
Chelonia,28.3754,-81.551,31,8,2013
Chelonia,24.455,-81.8583,9,7,2014
Chelonia,26.2317,-80.0961,19,6,2014
Chelonia,26.2379,-80,19,6,2014
Caretta,26.7513,-80.0473,7,6,2014
Chelonia,26.7056,-80.0364,3,8,2006
Chelonia,26.733,-80.0124,9,4,2014
Chelonia,26.788,-80.016,12,7,2010
Caretta,26.788,-80.016,12,7,2010
Eretmochelys,26.789,-80.016,25,4,2008
Caretta,26.8761,-79.9839,5,3,2014
Chelonia,26.8539,-80.0313,13,7,2010
Lepidochelys,29.859013,-85.271673,13,10,2013
Caretta,26.1993,-80.0716,12,3,2014
Chelonia,24.6663,-81.3563,,8,1968
Caretta,28.0789,-80.6053,,,1977
Caretta,28.0789,-80.6053,9,7,1977
Caretta,28.0789,-80.6053,9,7,1977
Caretta,28.0789,-80.6053,9,7,1977
Caretta,28.0789,-80.6053,9,7,1977
Caretta,28.0789,-80.6053,9,7,1977
Caretta,28.0789,-80.6053,9,7,1977
Caretta,28.0789,-80.6053,9,7,1977
Caretta,28.0789,-80.6053,9,7,1977
Caretta,26.9485,-80.0845,16,2,2014
Caretta,24.999975,-80.926846,29,6,2013
Chelonia,24.905428,-80.917262,8,6,2011
Eretmochelys,26.086256,-80.007243,1,8,2010
Chelonia,26.209269,-80.133249,2,7,2007
Caretta,26.317107,-80.167784,2,7,2007
Eretmochelys,26.062193,-80.102699,25,1,2009
Eretmochelys,26.715,-80.018,23,12,2013
Caretta,24.55607,-81.77767,,,
Chelonia,25.0096,-80.3745,31,12,2013
Chelonia,25.0865,-80.4473,18,1,2013
Chelonia,25.0865,-80.4473,24,1,2013
Chelonia,24.9243,-80.6278,30,5,2012
,25.854562384425677,-80.11885778192317,20,6,1966
Caretta,28.7505,-82.5001,1,9,1985
Chelonia,25.0865,-80.4473,5,9,2013
Caretta,26.653,-80.021,22,7,2012
Chelonia,29.9905,-85.8569,2,8,2013
Caretta,26.747,-80.007,2,7,2006
Chelonia,26.2054,-80.0884,30,6,2013
Chelonia,26.9485,-80.0845,2,2,2013
Caretta,26.9485,-80.0845,2,2,2013
Caretta,26.685,-80.019,21,6,2013
Chelonia,25.0311,-80.2486,28,11,2012
Chelonia,26.4189,-78.7562,6,5,2013
Chelonia,26.816,-80.003,19,1,2013
Chelonia,29.1341,-81.3627,22,2,2013
Chelonia,29.1341,-81.3627,22,2,2013
Chelonia,26.189,-80.0947,4,11,2012
Eretmochelys,26.703,-80.017,4,8,2012
Chelonia,26.703,-80.017,4,8,2012
Caretta,26.703,-80.017,4,8,2012
Chelonia,26.653,-80.021,4,8,2012
Caretta,26.653,-80.021,4,8,2012
Caretta,26.71,-80.028,4,8,2012
Chelonia,26.71,-80.028,4,8,2012
Eretmochelys,26.71,-80.028,4,8,2012
Eretmochelys,26.7153,-80.0534,21,2,2012
Chelonia,25.0865,-80.4473,12,3,2000
Chelonia,26.9464,-80.0313,30,9,2012
Caretta,26.8803,-80.0119,22,9,2012
Chelonia,25.0865,-80.4473,27,11,2011
Chelonia,25.789,-80.2264,15,7,2011
Caretta,26.8917,-80.0406,15,7,2011
Eretmochelys,25.0351,-80.3485,12,7,2011
Caretta,25.8045,-79.1123,15,7,2009
Chelonia,25.0865,-80.4473,27,11,2011
Chelonia,29.56,-82.25,,,
Chelonia,29.56,-82.25,,,
Chelonia,29.56,-82.25,,,
Chelonia,29.56,-82.25,,,
Chelonia,29.56,-82.25,,,
Chelonia,29.56,-82.25,,,
Chelonia,29.56,-82.25,,,
Chelonia,29.56,-82.25,,,
Chelonia,29.56,-82.25,,,
Chelonia,29.56,-82.25,,,
Chelonia,29.56,-82.25,,,
Chelonia,29.56,-82.25,,,
Chelonia,29.56,-82.25,,,
Chelonia,29.56,-82.25,,,
Chelonia,29.56,-82.25,,,
Caretta,25.15,-81.14,3,9,1966
Caretta,25.11,-81.08,3,9,1966
Caretta,25.15,-81.14,21,8,1966
Caretta,25.11,-81.08,14,8,1966
Caretta,25.11,-81.08,14,8,1966
Caretta,25.22,-81.17,14,8,1966
Eretmochelys,29.56,-82.25,,,
Eretmochelys,29.56,-82.25,,,
Caretta,29.56,-82.25,14,5,1918
Lepidochelys,29.46,-81.12,,8,1954
Caretta,28.63,-80.61,22,12,1945
Caretta,28.63,-80.61,22,12,1945
Chelonia,27.850988,-80.450706,8,1,1985
Caretta,27.29901,-80.21806,25,7,1976
Chelonia,29.89852,-84.39241,,,
Caretta,27.44731,-80.32569,,9,1960
Caretta,27.44731,-80.32569,,9,1960
Caretta,24.82427,-80.81585,,7,1961
Caretta,24.82427,-80.81585,,7,1961
Caretta,24.71619,-81.07563,,,1958
Caretta,31.0668,-81.418,5,5,1962
Caretta,31.0668,-81.418,5,5,1962
Caretta,31.0668,-81.418,5,5,1962
Caretta,31.0668,-81.418,5,5,1962
Caretta,31.0668,-81.418,5,5,1962
Caretta,26.358698,-80.082991,,9,1944
Caretta,25.6529,-80.2722,,10,1963
Caretta,25.6529,-80.2722,,10,1963
Eretmochelys,28.83333,-82.61667,,,1881
Caretta,24.63285,-82.92063,,,1926
Caretta,24.63285,-82.92063,,,1926
Caretta,26.9623,-82.3527,,9,1938
Caretta,29.56551,-82.25337,,,
Caretta,26.25786,-80.0806,,,
Caretta,26.25786,-80.0806,,,
Lepidochelys,29.56551,-82.25337,,,
Lepidochelys,24.55607,-81.77767,14,4,1858
Caretta,29.565505,-82.253366,,,
Eretmochelys,24.55607,-81.77767,,,
Eretmochelys,24.55607,-81.77767,,,
Eretmochelys,24.55607,-81.77767,,,
Eretmochelys,24.55607,-81.77767,,,
Caretta,24.55607,-81.77767,,,
Caretta,24.55607,-81.77767,,,
Caretta,24.55607,-81.77767,,,
Eretmochelys,24.55607,-81.77767,,,
Eretmochelys,24.55607,-81.77767,,,
Eretmochelys,24.55607,-81.77767,,,
Chelonia,24.55607,-81.77767,,,
Chelonia,24.55607,-81.77767,,,
Chelonia,24.55607,-81.77767,,,
Chelonia,24.55607,-81.77767,,,
Chelonia,24.55607,-81.77767,,,
Chelonia,24.55607,-81.77767,,,
Chelonia,24.55607,-81.77767,,,
Chelonia,24.55607,-81.77767,,,
Chelonia,24.55607,-81.77767,,,
Caretta,24.55607,-81.77767,,,
Caretta,24.55607,-81.77767,,,
Caretta,24.55607,-81.77767,,,
Caretta,24.55607,-81.77767,,,
Chelonia,29.565505,-82.253366,1,4,1980
Chelonia,24.5328,-82.0047,12,6,1985
Lepidochelys,30.07379,-84.17967,18,8,1956
Chelonia,24.6449,-81.5674,14,2,1985
Lepidochelys,30.951935,-81.412117,10,6,1973
Caretta,24.55607,-81.77767,,,
Caretta,30.951935,-81.412117,,,
Caretta,30.951935,-81.412117,,,
Caretta,30.951935,-81.412117,,,
Caretta,30.951935,-81.412117,29,7,1974
Lepidochelys,25.038,-80.746,,,
Lepidochelys,29.565505,-82.253366,,,
Caretta,24.55607,-81.77767,,,
Caretta,24.8166,-80.8237,,,
Chelonia,29.565505,-82.253366,,,
Chelonia,29.565505,-82.253366,,,
Caretta,29.210605,-81.022977,,,
Caretta,24.82427,-80.81585,,,
Chelonia,24.55607,-81.77767,,,
Eretmochelys,24.55607,-81.77767,,,
Chelonia,24.55607,-81.77767,,,
Caretta,24.55607,-81.77767,,,
Caretta,29.565505,-82.253366,,,
Caretta,29.565505,-82.253366,,,
Caretta,29.565505,-82.253366,,,
Caretta,29.565505,-82.253366,,,
Chelonia,24.55607,-81.77767,,,
Caretta,24.55607,-81.77767,,,
Caretta,24.55607,-81.77767,,,
Caretta,24.55607,-81.77767,,,
Caretta,29.565505,-82.253366,,,
Eretmochelys,24.55607,-81.77767,,,
Chelonia,29.565505,-82.253366,,,
Eretmochelys,24.55607,-81.77767,,,
Eretmochelys,24.556625,-81.779221,,,
Caretta,24.8166,-80.8237,21,8,1960
Caretta,30.951935,-81.412117,,,
Caretta,30.951935,-81.412117,4,9,1974
Caretta,24.8166,-80.8237,3,11,1900
Eretmochelys,24.55607,-81.77767,,,
Caretta,24.55607,-81.77767,,,
Chelonia,24.55607,-81.77767,,,
Eretmochelys,24.55607,-81.77767,,,
Caretta,24.55607,-81.77767,,,
Eretmochelys,24.55607,-81.77767,,,
Chelonia,24.55607,-81.77767,,,
Chelonia,24.55607,-81.77767,,,
Caretta,24.55607,-81.77767,,,
Eretmochelys,27.9,-81.8,,,
Eretmochelys,27.9,-81.8,,,
Caretta,29.646442,-85.156704,14,8,1998
Caretta,29.646442,-85.156704,18,8,1998
Caretta,29.6394,-85.1452,8,1,2004
Lepidochelys,27.7833,-81.9381,,,
Lepidochelys,27.9,-81.8,,,
Chelonia,27.9,-81.8,,,
Chelonia,27.8111,-81.9125,,,
Chelonia,27.9,-81.8,,,
Chelonia,27.68,-81.95,,,
Chelonia,27.7833,-81.9381,,,
Chelonia,27.53,-81.82,,,
Chelonia,27.9,-81.8,,,
Chelonia,27.9,-81.8,,,
Chelonia,27.7575,-81.8256,,,
Chelonia,27.9,-81.8,,,
Chelonia,27.6383,-80.3975,,,
Caretta,27.9,-81.8,,,
Caretta,27.9,-81.8,,,
Caretta,27.9,-81.8,,,
Caretta,27.8303,-80.8114,,,
Caretta,27.6383,-80.3975,,,
Caretta,27.7,-82.5,,,